id,organization_id,model_key,model_version,strategy,subject_type,subject_id,score,band,features_json,explanation_json,created_at,decision,decided_by,decided_at,override_value,decision_note,outcome_json,fallback_used
5525299f-6313-4732-9ed6-97c702fcf36d,00000000-0000-0000-0000-000000000001,inventory_reorder,min-max-open-po-v2,RULE_BASELINE,part,2ded21da-f256-4328-b209-7d0833cf22fc,0,NORMAL,"{""onHand"": 2, ""onOrder"": 70, ""maxLevel"": 40, ""minLevel"": 5, ""reserved"": 0, ""available"": 2, ""averageDailyUse"": 0, ""issuedLast90Days"": 0, ""inventoryPosition"": 72, ""estimatedCoverDays"": null, ""averageWeeklyConsumption"": 0}","{""rule"": ""available (on_hand - reserved) <= min_level triggers replenishment up to max_level, counting stock already on open purchase orders"", ""formula"": ""suggested = max(max_level(40) - (available(2) + onOrder(70)), 0) = 0"", ""features"": {""onHand"": 2, ""onOrder"": 70, ""maxLevel"": 40, ""minLevel"": 5, ""reserved"": 0, ""available"": 2, ""averageDailyUse"": 0, ""issuedLast90Days"": 0, ""inventoryPosition"": 72, ""estimatedCoverDays"": null, ""averageWeeklyConsumption"": 0}}",2026-09-20 04:47:41.665612+03,,,,,,{},t
aa4d1ccb-6fbc-4b29-8e7b-1fe2aec384dd,00000000-0000-0000-0000-000000000001,inventory_reorder,min-max-open-po-v2,RULE_BASELINE,part,10252e3c-8058-44e9-a360-9a363d7d30fd,18,NORMAL,"{""onHand"": 2, ""onOrder"": 20, ""maxLevel"": 40, ""minLevel"": 5, ""reserved"": 0, ""available"": 2, ""averageDailyUse"": 0, ""issuedLast90Days"": 0, ""inventoryPosition"": 22, ""estimatedCoverDays"": null, ""averageWeeklyConsumption"": 0}","{""rule"": ""available (on_hand - reserved) <= min_level triggers replenishment up to max_level, counting stock already on open purchase orders"", ""formula"": ""suggested = max(max_level(40) - (available(2) + onOrder(20)), 0) = 18"", ""features"": {""onHand"": 2, ""onOrder"": 20, ""maxLevel"": 40, ""minLevel"": 5, ""reserved"": 0, ""available"": 2, ""averageDailyUse"": 0, ""issuedLast90Days"": 0, ""inventoryPosition"": 22, ""estimatedCoverDays"": null, ""averageWeeklyConsumption"": 0}}",2026-09-20 04:47:41.68091+03,,,,,,{},t
1b6fbdda-dc90-49cd-88a2-b4797d93b351,00000000-0000-0000-0000-000000000001,inventory_reorder,min-max-open-po-v2,RULE_BASELINE,part,8511da5a-f3ee-484f-9589-4c86314cfb9a,38,NORMAL,"{""onHand"": 2, ""onOrder"": 0, ""maxLevel"": 40, ""minLevel"": 5, ""reserved"": 0, ""available"": 2, ""averageDailyUse"": 0, ""issuedLast90Days"": 0, ""inventoryPosition"": 2, ""estimatedCoverDays"": null, ""averageWeeklyConsumption"": 0}","{""rule"": ""available (on_hand - reserved) <= min_level triggers replenishment up to max_level, counting stock already on open purchase orders"", ""formula"": ""suggested = max(max_level(40) - (available(2) + onOrder(0)), 0) = 38"", ""features"": {""onHand"": 2, ""onOrder"": 0, ""maxLevel"": 40, ""minLevel"": 5, ""reserved"": 0, ""available"": 2, ""averageDailyUse"": 0, ""issuedLast90Days"": 0, ""inventoryPosition"": 2, ""estimatedCoverDays"": null, ""averageWeeklyConsumption"": 0}}",2026-09-20 04:47:41.68233+03,,,,,,{},t
c474bdab-9fe5-40f9-9a5b-fe166d370340,00000000-0000-0000-0000-000000000001,inventory_reorder,min-max-open-po-v2,RULE_BASELINE,part,d763a772-cfb8-4758-9204-88316af46749,19,NORMAL,"{""onHand"": 1, ""onOrder"": 0, ""maxLevel"": 20, ""minLevel"": 1, ""reserved"": 0, ""available"": 1, ""averageDailyUse"": 0.04, ""issuedLast90Days"": 4, ""inventoryPosition"": 1, ""estimatedCoverDays"": 22.5, ""averageWeeklyConsumption"": 0.31}","{""rule"": ""available (on_hand - reserved) <= min_level triggers replenishment up to max_level, counting stock already on open purchase orders"", ""formula"": ""suggested = max(max_level(20) - (available(1) + onOrder(0)), 0) = 19"", ""features"": {""onHand"": 1, ""onOrder"": 0, ""maxLevel"": 20, ""minLevel"": 1, ""reserved"": 0, ""available"": 1, ""averageDailyUse"": 0.04, ""issuedLast90Days"": 4, ""inventoryPosition"": 1, ""estimatedCoverDays"": 22.5, ""averageWeeklyConsumption"": 0.31}}",2026-09-20 04:47:41.683599+03,OVERRIDDEN,8e6a9a24-c021-43ad-8a3b-b9bb05770ed0,2026-09-20 04:47:41.714477+03,5,Vendor minimum order is 5,"{""orderedQty"": 5}",t
29c1647c-147c-4130-a46e-cd388e40f353,00000000-0000-0000-0000-000000000001,inventory_reorder,min-max-open-po-v2,RULE_BASELINE,part,2ded21da-f256-4328-b209-7d0833cf22fc,0,NORMAL,"{""onHand"": 2, ""onOrder"": 70, ""maxLevel"": 40, ""minLevel"": 5, ""reserved"": 0, ""available"": 2, ""averageDailyUse"": 0, ""issuedLast90Days"": 0, ""inventoryPosition"": 72, ""estimatedCoverDays"": null, ""averageWeeklyConsumption"": 0}","{""rule"": ""available (on_hand - reserved) <= min_level triggers replenishment up to max_level, counting stock already on open purchase orders"", ""formula"": ""suggested = max(max_level(40) - (available(2) + onOrder(70)), 0) = 0"", ""features"": {""onHand"": 2, ""onOrder"": 70, ""maxLevel"": 40, ""minLevel"": 5, ""reserved"": 0, ""available"": 2, ""averageDailyUse"": 0, ""issuedLast90Days"": 0, ""inventoryPosition"": 72, ""estimatedCoverDays"": null, ""averageWeeklyConsumption"": 0}}",2026-09-20 04:48:09.135976+03,,,,,,{},t
8d1e3a68-2030-4d88-b51d-dc89597b304f,00000000-0000-0000-0000-000000000001,inventory_reorder,min-max-open-po-v2,RULE_BASELINE,part,10252e3c-8058-44e9-a360-9a363d7d30fd,18,NORMAL,"{""onHand"": 2, ""onOrder"": 20, ""maxLevel"": 40, ""minLevel"": 5, ""reserved"": 0, ""available"": 2, ""averageDailyUse"": 0, ""issuedLast90Days"": 0, ""inventoryPosition"": 22, ""estimatedCoverDays"": null, ""averageWeeklyConsumption"": 0}","{""rule"": ""available (on_hand - reserved) <= min_level triggers replenishment up to max_level, counting stock already on open purchase orders"", ""formula"": ""suggested = max(max_level(40) - (available(2) + onOrder(20)), 0) = 18"", ""features"": {""onHand"": 2, ""onOrder"": 20, ""maxLevel"": 40, ""minLevel"": 5, ""reserved"": 0, ""available"": 2, ""averageDailyUse"": 0, ""issuedLast90Days"": 0, ""inventoryPosition"": 22, ""estimatedCoverDays"": null, ""averageWeeklyConsumption"": 0}}",2026-09-20 04:48:09.139237+03,,,,,,{},t
943508dc-8d44-4907-af2a-3698d0fe1029,00000000-0000-0000-0000-000000000001,inventory_reorder,min-max-open-po-v2,RULE_BASELINE,part,8511da5a-f3ee-484f-9589-4c86314cfb9a,38,NORMAL,"{""onHand"": 2, ""onOrder"": 0, ""maxLevel"": 40, ""minLevel"": 5, ""reserved"": 0, ""available"": 2, ""averageDailyUse"": 0, ""issuedLast90Days"": 0, ""inventoryPosition"": 2, ""estimatedCoverDays"": null, ""averageWeeklyConsumption"": 0}","{""rule"": ""available (on_hand - reserved) <= min_level triggers replenishment up to max_level, counting stock already on open purchase orders"", ""formula"": ""suggested = max(max_level(40) - (available(2) + onOrder(0)), 0) = 38"", ""features"": {""onHand"": 2, ""onOrder"": 0, ""maxLevel"": 40, ""minLevel"": 5, ""reserved"": 0, ""available"": 2, ""averageDailyUse"": 0, ""issuedLast90Days"": 0, ""inventoryPosition"": 2, ""estimatedCoverDays"": null, ""averageWeeklyConsumption"": 0}}",2026-09-20 04:48:09.140405+03,,,,,,{},t
46856c4f-926c-47da-9dee-dbd1dc50b151,00000000-0000-0000-0000-000000000001,inventory_reorder,min-max-open-po-v2,RULE_BASELINE,part,d763a772-cfb8-4758-9204-88316af46749,19,NORMAL,"{""onHand"": 1, ""onOrder"": 0, ""maxLevel"": 20, ""minLevel"": 1, ""reserved"": 0, ""available"": 1, ""averageDailyUse"": 0.04, ""issuedLast90Days"": 4, ""inventoryPosition"": 1, ""estimatedCoverDays"": 22.5, ""averageWeeklyConsumption"": 0.31}","{""rule"": ""available (on_hand - reserved) <= min_level triggers replenishment up to max_level, counting stock already on open purchase orders"", ""formula"": ""suggested = max(max_level(20) - (available(1) + onOrder(0)), 0) = 19"", ""features"": {""onHand"": 1, ""onOrder"": 0, ""maxLevel"": 20, ""minLevel"": 1, ""reserved"": 0, ""available"": 1, ""averageDailyUse"": 0.04, ""issuedLast90Days"": 4, ""inventoryPosition"": 1, ""estimatedCoverDays"": 22.5, ""averageWeeklyConsumption"": 0.31}}",2026-09-20 04:48:09.142729+03,,,,,,{},t
17505b53-1388-42ba-b71a-2f7cf151e595,00000000-0000-0000-0000-000000000001,inventory_reorder,min-max-open-po-v2,RULE_BASELINE,part,56fb9b57-4907-4187-8dc1-6a265e78719e,20,CRITICAL,"{""onHand"": 0, ""onOrder"": 0, ""maxLevel"": 20, ""minLevel"": 5, ""reserved"": 0, ""available"": 0, ""averageDailyUse"": 0, ""issuedLast90Days"": 0, ""inventoryPosition"": 0, ""estimatedCoverDays"": null, ""averageWeeklyConsumption"": 0}","{""rule"": ""available (on_hand - reserved) <= min_level triggers replenishment up to max_level, counting stock already on open purchase orders"", ""formula"": ""suggested = max(max_level(20) - (available(0) + onOrder(0)), 0) = 20"", ""features"": {""onHand"": 0, ""onOrder"": 0, ""maxLevel"": 20, ""minLevel"": 5, ""reserved"": 0, ""available"": 0, ""averageDailyUse"": 0, ""issuedLast90Days"": 0, ""inventoryPosition"": 0, ""estimatedCoverDays"": null, ""averageWeeklyConsumption"": 0}}",2026-09-20 04:48:09.143838+03,,,,,,{},t
a847f9f5-ed75-4185-90a3-a92e7f8b32de,00000000-0000-0000-0000-000000000001,inventory_reorder,min-max-open-po-v2,RULE_BASELINE,part,1f82ea52-ecfb-48e2-b38e-467e00a088e9,19,NORMAL,"{""onHand"": 1, ""onOrder"": 0, ""maxLevel"": 20, ""minLevel"": 1, ""reserved"": 0, ""available"": 1, ""averageDailyUse"": 0, ""issuedLast90Days"": 0, ""inventoryPosition"": 1, ""estimatedCoverDays"": null, ""averageWeeklyConsumption"": 0}","{""rule"": ""available (on_hand - reserved) <= min_level triggers replenishment up to max_level, counting stock already on open purchase orders"", ""formula"": ""suggested = max(max_level(20) - (available(1) + onOrder(0)), 0) = 19"", ""features"": {""onHand"": 1, ""onOrder"": 0, ""maxLevel"": 20, ""minLevel"": 1, ""reserved"": 0, ""available"": 1, ""averageDailyUse"": 0, ""issuedLast90Days"": 0, ""inventoryPosition"": 1, ""estimatedCoverDays"": null, ""averageWeeklyConsumption"": 0}}",2026-09-20 04:48:09.144895+03,,,,,,{},t
bcaafa44-c795-4f29-bbab-b8a355d09519,00000000-0000-0000-0000-000000000001,inventory_reorder,min-max-open-po-v2,RULE_BASELINE,part,fc2ee504-01b0-4116-a572-e488ecb2e3dd,38,NORMAL,"{""onHand"": 2, ""onOrder"": 0, ""maxLevel"": 40, ""minLevel"": 5, ""reserved"": 0, ""available"": 2, ""averageDailyUse"": 0, ""issuedLast90Days"": 0, ""inventoryPosition"": 2, ""estimatedCoverDays"": null, ""averageWeeklyConsumption"": 0}","{""rule"": ""available (on_hand - reserved) <= min_level triggers replenishment up to max_level, counting stock already on open purchase orders"", ""formula"": ""suggested = max(max_level(40) - (available(2) + onOrder(0)), 0) = 38"", ""features"": {""onHand"": 2, ""onOrder"": 0, ""maxLevel"": 40, ""minLevel"": 5, ""reserved"": 0, ""available"": 2, ""averageDailyUse"": 0, ""issuedLast90Days"": 0, ""inventoryPosition"": 2, ""estimatedCoverDays"": null, ""averageWeeklyConsumption"": 0}}",2026-09-20 04:48:09.146149+03,,,,,,{},t
b84a7fd0-2d4e-46a7-98e8-68a5a4b3801d,00000000-0000-0000-0000-000000000001,inventory_reorder,min-max-open-po-v2,RULE_BASELINE,part,5047faec-91f1-4deb-a3b5-9db26ebb871c,8,NORMAL,"{""onHand"": 2, ""onOrder"": 30, ""maxLevel"": 40, ""minLevel"": 5, ""reserved"": 0, ""available"": 2, ""averageDailyUse"": 0, ""issuedLast90Days"": 0, ""inventoryPosition"": 32, ""estimatedCoverDays"": null, ""averageWeeklyConsumption"": 0}","{""rule"": ""available (on_hand - reserved) <= min_level triggers replenishment up to max_level, counting stock already on open purchase orders"", ""formula"": ""suggested = max(max_level(40) - (available(2) + onOrder(30)), 0) = 8"", ""features"": {""onHand"": 2, ""onOrder"": 30, ""maxLevel"": 40, ""minLevel"": 5, ""reserved"": 0, ""available"": 2, ""averageDailyUse"": 0, ""issuedLast90Days"": 0, ""inventoryPosition"": 32, ""estimatedCoverDays"": null, ""averageWeeklyConsumption"": 0}}",2026-09-20 04:48:09.147248+03,,,,,,{},t
33414291-9324-4ebd-9d87-27c87c925383,00000000-0000-0000-0000-000000000001,inventory_reorder,min-max-open-po-v2,RULE_BASELINE,part,770d3dca-2f6f-46ec-a557-8f45ed40a642,38,NORMAL,"{""onHand"": 2, ""onOrder"": 0, ""maxLevel"": 40, ""minLevel"": 5, ""reserved"": 0, ""available"": 2, ""averageDailyUse"": 0, ""issuedLast90Days"": 0, ""inventoryPosition"": 2, ""estimatedCoverDays"": null, ""averageWeeklyConsumption"": 0}","{""rule"": ""available (on_hand - reserved) <= min_level triggers replenishment up to max_level, counting stock already on open purchase orders"", ""formula"": ""suggested = max(max_level(40) - (available(2) + onOrder(0)), 0) = 38"", ""features"": {""onHand"": 2, ""onOrder"": 0, ""maxLevel"": 40, ""minLevel"": 5, ""reserved"": 0, ""available"": 2, ""averageDailyUse"": 0, ""issuedLast90Days"": 0, ""inventoryPosition"": 2, ""estimatedCoverDays"": null, ""averageWeeklyConsumption"": 0}}",2026-09-20 04:48:09.149281+03,,,,,,{},t
57eac766-c54f-4f09-92b7-4ce86128aae1,00000000-0000-0000-0000-000000000001,inventory_reorder,min-max-open-po-v2,RULE_BASELINE,part,ea1c52d6-8b42-44ea-8678-462fd333f767,38,NORMAL,"{""onHand"": 2, ""onOrder"": 0, ""maxLevel"": 40, ""minLevel"": 5, ""reserved"": 0, ""available"": 2, ""averageDailyUse"": 0, ""issuedLast90Days"": 0, ""inventoryPosition"": 2, ""estimatedCoverDays"": null, ""averageWeeklyConsumption"": 0}","{""rule"": ""available (on_hand - reserved) <= min_level triggers replenishment up to max_level, counting stock already on open purchase orders"", ""formula"": ""suggested = max(max_level(40) - (available(2) + onOrder(0)), 0) = 38"", ""features"": {""onHand"": 2, ""onOrder"": 0, ""maxLevel"": 40, ""minLevel"": 5, ""reserved"": 0, ""available"": 2, ""averageDailyUse"": 0, ""issuedLast90Days"": 0, ""inventoryPosition"": 2, ""estimatedCoverDays"": null, ""averageWeeklyConsumption"": 0}}",2026-09-20 04:48:09.150275+03,,,,,,{},t
ace48c2a-6d2b-493d-aa48-fe9da22c3735,00000000-0000-0000-0000-000000000001,inventory_reorder,min-max-open-po-v2,RULE_BASELINE,part,9ac56e3c-cbf7-4ffd-8da6-3a4e1efebc0a,10,CRITICAL,"{""onHand"": 0, ""onOrder"": 10, ""maxLevel"": 20, ""minLevel"": 1, ""reserved"": 0, ""available"": 0, ""averageDailyUse"": 0, ""issuedLast90Days"": 0, ""inventoryPosition"": 10, ""estimatedCoverDays"": null, ""averageWeeklyConsumption"": 0}","{""rule"": ""available (on_hand - reserved) <= min_level triggers replenishment up to max_level, counting stock already on open purchase orders"", ""formula"": ""suggested = max(max_level(20) - (available(0) + onOrder(10)), 0) = 10"", ""features"": {""onHand"": 0, ""onOrder"": 10, ""maxLevel"": 20, ""minLevel"": 1, ""reserved"": 0, ""available"": 0, ""averageDailyUse"": 0, ""issuedLast90Days"": 0, ""inventoryPosition"": 10, ""estimatedCoverDays"": null, ""averageWeeklyConsumption"": 0}}",2026-09-20 04:48:09.151569+03,,,,,,{},t
51bd8734-30e8-4b04-ac80-d2cbfb592f07,00000000-0000-0000-0000-000000000001,inventory_reorder,min-max-open-po-v2,RULE_BASELINE,part,1c65ea5c-2c1e-4ba5-84ce-5392135957f1,10,CRITICAL,"{""onHand"": 0, ""onOrder"": 10, ""maxLevel"": 20, ""minLevel"": 1, ""reserved"": 0, ""available"": 0, ""averageDailyUse"": 0, ""issuedLast90Days"": 0, ""inventoryPosition"": 10, ""estimatedCoverDays"": null, ""averageWeeklyConsumption"": 0}","{""rule"": ""available (on_hand - reserved) <= min_level triggers replenishment up to max_level, counting stock already on open purchase orders"", ""formula"": ""suggested = max(max_level(20) - (available(0) + onOrder(10)), 0) = 10"", ""features"": {""onHand"": 0, ""onOrder"": 10, ""maxLevel"": 20, ""minLevel"": 1, ""reserved"": 0, ""available"": 0, ""averageDailyUse"": 0, ""issuedLast90Days"": 0, ""inventoryPosition"": 10, ""estimatedCoverDays"": null, ""averageWeeklyConsumption"": 0}}",2026-09-20 04:48:09.152539+03,,,,,,{},t
2fbc8a24-1925-45bd-8a0a-0cf9b1acfae1,00000000-0000-0000-0000-000000000001,inventory_reorder,min-max-open-po-v2,RULE_BASELINE,part,e23ef226-ee71-4df6-8099-0fcbd0b0c0ff,20,CRITICAL,"{""onHand"": 0, ""onOrder"": 0, ""maxLevel"": 20, ""minLevel"": 1, ""reserved"": 0, ""available"": 0, ""averageDailyUse"": 0.13, ""issuedLast90Days"": 12, ""inventoryPosition"": 0, ""estimatedCoverDays"": 0, ""averageWeeklyConsumption"": 0.93}","{""rule"": ""available (on_hand - reserved) <= min_level triggers replenishment up to max_level, counting stock already on open purchase orders"", ""formula"": ""suggested = max(max_level(20) - (available(0) + onOrder(0)), 0) = 20"", ""features"": {""onHand"": 0, ""onOrder"": 0, ""maxLevel"": 20, ""minLevel"": 1, ""reserved"": 0, ""available"": 0, ""averageDailyUse"": 0.13, ""issuedLast90Days"": 12, ""inventoryPosition"": 0, ""estimatedCoverDays"": 0, ""averageWeeklyConsumption"": 0.93}}",2026-09-20 04:48:09.153421+03,,,,,,{},t
a7b2caff-0b42-489a-8a22-4fe479fce573,00000000-0000-0000-0000-000000000001,inventory_reorder,min-max-open-po-v2,RULE_BASELINE,part,d5148721-48eb-4217-b66d-99c3027aa417,20,CRITICAL,"{""onHand"": 0, ""onOrder"": 0, ""maxLevel"": 20, ""minLevel"": 1, ""reserved"": 0, ""available"": 0, ""averageDailyUse"": 0.08, ""issuedLast90Days"": 7, ""inventoryPosition"": 0, ""estimatedCoverDays"": 0, ""averageWeeklyConsumption"": 0.54}","{""rule"": ""available (on_hand - reserved) <= min_level triggers replenishment up to max_level, counting stock already on open purchase orders"", ""formula"": ""suggested = max(max_level(20) - (available(0) + onOrder(0)), 0) = 20"", ""features"": {""onHand"": 0, ""onOrder"": 0, ""maxLevel"": 20, ""minLevel"": 1, ""reserved"": 0, ""available"": 0, ""averageDailyUse"": 0.08, ""issuedLast90Days"": 7, ""inventoryPosition"": 0, ""estimatedCoverDays"": 0, ""averageWeeklyConsumption"": 0.54}}",2026-09-20 04:48:09.154374+03,,,,,,{},t
3e134c45-8a2c-4b2d-b4ff-7c2e9ae4dfe0,00000000-0000-0000-0000-000000000001,inventory_reorder,min-max-open-po-v2,RULE_BASELINE,part,91b90173-2b9f-44fa-aa5e-843da421649b,19,NORMAL,"{""onHand"": 1, ""onOrder"": 0, ""maxLevel"": 20, ""minLevel"": 1, ""reserved"": 0, ""available"": 1, ""averageDailyUse"": 0, ""issuedLast90Days"": 0, ""inventoryPosition"": 1, ""estimatedCoverDays"": null, ""averageWeeklyConsumption"": 0}","{""rule"": ""available (on_hand - reserved) <= min_level triggers replenishment up to max_level, counting stock already on open purchase orders"", ""formula"": ""suggested = max(max_level(20) - (available(1) + onOrder(0)), 0) = 19"", ""features"": {""onHand"": 1, ""onOrder"": 0, ""maxLevel"": 20, ""minLevel"": 1, ""reserved"": 0, ""available"": 1, ""averageDailyUse"": 0, ""issuedLast90Days"": 0, ""inventoryPosition"": 1, ""estimatedCoverDays"": null, ""averageWeeklyConsumption"": 0}}",2026-09-20 04:48:09.155454+03,,,,,,{},t
fbe693ab-94b9-454c-a94a-38e21edebfc7,00000000-0000-0000-0000-000000000001,inventory_reorder,min-max-open-po-v2,RULE_BASELINE,part,1d0b51e1-f666-4c3c-882a-3ba7646d5bd7,19,CRITICAL,"{""onHand"": 0, ""onOrder"": 1, ""maxLevel"": 20, ""minLevel"": 1, ""reserved"": 0, ""available"": 0, ""averageDailyUse"": 0, ""issuedLast90Days"": 0, ""inventoryPosition"": 1, ""estimatedCoverDays"": null, ""averageWeeklyConsumption"": 0}","{""rule"": ""available (on_hand - reserved) <= min_level triggers replenishment up to max_level, counting stock already on open purchase orders"", ""formula"": ""suggested = max(max_level(20) - (available(0) + onOrder(1)), 0) = 19"", ""features"": {""onHand"": 0, ""onOrder"": 1, ""maxLevel"": 20, ""minLevel"": 1, ""reserved"": 0, ""available"": 0, ""averageDailyUse"": 0, ""issuedLast90Days"": 0, ""inventoryPosition"": 1, ""estimatedCoverDays"": null, ""averageWeeklyConsumption"": 0}}",2026-09-20 04:48:09.156469+03,,,,,,{},t
f027daf4-7235-45cf-b1eb-4225cca083b9,00000000-0000-0000-0000-000000000001,inventory_reorder,min-max-open-po-v2,RULE_BASELINE,part,95fefc32-a3fc-47f2-852b-d449cd498f01,19,CRITICAL,"{""onHand"": 0, ""onOrder"": 1, ""maxLevel"": 20, ""minLevel"": 1, ""reserved"": 0, ""available"": 0, ""averageDailyUse"": 0, ""issuedLast90Days"": 0, ""inventoryPosition"": 1, ""estimatedCoverDays"": null, ""averageWeeklyConsumption"": 0}","{""rule"": ""available (on_hand - reserved) <= min_level triggers replenishment up to max_level, counting stock already on open purchase orders"", ""formula"": ""suggested = max(max_level(20) - (available(0) + onOrder(1)), 0) = 19"", ""features"": {""onHand"": 0, ""onOrder"": 1, ""maxLevel"": 20, ""minLevel"": 1, ""reserved"": 0, ""available"": 0, ""averageDailyUse"": 0, ""issuedLast90Days"": 0, ""inventoryPosition"": 1, ""estimatedCoverDays"": null, ""averageWeeklyConsumption"": 0}}",2026-09-20 04:48:09.157427+03,,,,,,{},t
b1adad65-ebbb-4f26-a1c5-cd575dc90ce9,00000000-0000-0000-0000-000000000001,inventory_reorder,min-max-open-po-v2,RULE_BASELINE,part,1591ffd3-a55b-4bf9-be91-a8fb8bcb2620,19,CRITICAL,"{""onHand"": 0, ""onOrder"": 1, ""maxLevel"": 20, ""minLevel"": 1, ""reserved"": 0, ""available"": 0, ""averageDailyUse"": 0, ""issuedLast90Days"": 0, ""inventoryPosition"": 1, ""estimatedCoverDays"": null, ""averageWeeklyConsumption"": 0}","{""rule"": ""available (on_hand - reserved) <= min_level triggers replenishment up to max_level, counting stock already on open purchase orders"", ""formula"": ""suggested = max(max_level(20) - (available(0) + onOrder(1)), 0) = 19"", ""features"": {""onHand"": 0, ""onOrder"": 1, ""maxLevel"": 20, ""minLevel"": 1, ""reserved"": 0, ""available"": 0, ""averageDailyUse"": 0, ""issuedLast90Days"": 0, ""inventoryPosition"": 1, ""estimatedCoverDays"": null, ""averageWeeklyConsumption"": 0}}",2026-09-20 04:48:09.158579+03,,,,,,{},t
0b3c8f68-17d7-4fc3-a4dd-ba5937100596,00000000-0000-0000-0000-000000000001,inventory_reorder,min-max-open-po-v2,RULE_BASELINE,part,45fd725c-5115-48d7-8e59-f225d002ba3d,19,CRITICAL,"{""onHand"": 0, ""onOrder"": 1, ""maxLevel"": 20, ""minLevel"": 1, ""reserved"": 0, ""available"": 0, ""averageDailyUse"": 0, ""issuedLast90Days"": 0, ""inventoryPosition"": 1, ""estimatedCoverDays"": null, ""averageWeeklyConsumption"": 0}","{""rule"": ""available (on_hand - reserved) <= min_level triggers replenishment up to max_level, counting stock already on open purchase orders"", ""formula"": ""suggested = max(max_level(20) - (available(0) + onOrder(1)), 0) = 19"", ""features"": {""onHand"": 0, ""onOrder"": 1, ""maxLevel"": 20, ""minLevel"": 1, ""reserved"": 0, ""available"": 0, ""averageDailyUse"": 0, ""issuedLast90Days"": 0, ""inventoryPosition"": 1, ""estimatedCoverDays"": null, ""averageWeeklyConsumption"": 0}}",2026-09-20 04:48:09.159709+03,,,,,,{},t
4ab1da50-c404-497b-b3cf-4bc434e16e33,00000000-0000-0000-0000-000000000001,inventory_reorder,min-max-open-po-v2,RULE_BASELINE,part,96502d8f-7984-4f13-8023-d60908984600,19,CRITICAL,"{""onHand"": 0, ""onOrder"": 1, ""maxLevel"": 20, ""minLevel"": 1, ""reserved"": 0, ""available"": 0, ""averageDailyUse"": 0, ""issuedLast90Days"": 0, ""inventoryPosition"": 1, ""estimatedCoverDays"": null, ""averageWeeklyConsumption"": 0}","{""rule"": ""available (on_hand - reserved) <= min_level triggers replenishment up to max_level, counting stock already on open purchase orders"", ""formula"": ""suggested = max(max_level(20) - (available(0) + onOrder(1)), 0) = 19"", ""features"": {""onHand"": 0, ""onOrder"": 1, ""maxLevel"": 20, ""minLevel"": 1, ""reserved"": 0, ""available"": 0, ""averageDailyUse"": 0, ""issuedLast90Days"": 0, ""inventoryPosition"": 1, ""estimatedCoverDays"": null, ""averageWeeklyConsumption"": 0}}",2026-09-20 04:48:09.160621+03,,,,,,{},t
7bed1087-e03c-4c2b-8d7b-dbdc5db782a0,00000000-0000-0000-0000-000000000001,inventory_reorder,min-max-open-po-v2,RULE_BASELINE,part,6a56cb79-24bd-47bb-bc5c-1135db53d4bd,19,CRITICAL,"{""onHand"": 0, ""onOrder"": 1, ""maxLevel"": 20, ""minLevel"": 1, ""reserved"": 0, ""available"": 0, ""averageDailyUse"": 0, ""issuedLast90Days"": 0, ""inventoryPosition"": 1, ""estimatedCoverDays"": null, ""averageWeeklyConsumption"": 0}","{""rule"": ""available (on_hand - reserved) <= min_level triggers replenishment up to max_level, counting stock already on open purchase orders"", ""formula"": ""suggested = max(max_level(20) - (available(0) + onOrder(1)), 0) = 19"", ""features"": {""onHand"": 0, ""onOrder"": 1, ""maxLevel"": 20, ""minLevel"": 1, ""reserved"": 0, ""available"": 0, ""averageDailyUse"": 0, ""issuedLast90Days"": 0, ""inventoryPosition"": 1, ""estimatedCoverDays"": null, ""averageWeeklyConsumption"": 0}}",2026-09-20 04:48:09.16152+03,,,,,,{},t
fd8aba11-6d0e-4b41-b081-3c5fffc9083b,00000000-0000-0000-0000-000000000001,inventory_reorder,min-max-open-po-v2,RULE_BASELINE,part,7895056a-3929-4cf1-a4f9-00170a803a5d,15,CRITICAL,"{""onHand"": 0, ""onOrder"": 5, ""maxLevel"": 20, ""minLevel"": 1, ""reserved"": 0, ""available"": 0, ""averageDailyUse"": 0, ""issuedLast90Days"": 0, ""inventoryPosition"": 5, ""estimatedCoverDays"": null, ""averageWeeklyConsumption"": 0}","{""rule"": ""available (on_hand - reserved) <= min_level triggers replenishment up to max_level, counting stock already on open purchase orders"", ""formula"": ""suggested = max(max_level(20) - (available(0) + onOrder(5)), 0) = 15"", ""features"": {""onHand"": 0, ""onOrder"": 5, ""maxLevel"": 20, ""minLevel"": 1, ""reserved"": 0, ""available"": 0, ""averageDailyUse"": 0, ""issuedLast90Days"": 0, ""inventoryPosition"": 5, ""estimatedCoverDays"": null, ""averageWeeklyConsumption"": 0}}",2026-09-20 04:48:09.162439+03,,,,,,{},t
1f420079-7878-41fc-80b6-56614bea5394,00000000-0000-0000-0000-000000000001,inventory_reorder,min-max-open-po-v2,RULE_BASELINE,part,272a1d8c-034c-49ef-8a99-81e23a3725cf,18,CRITICAL,"{""onHand"": 0, ""onOrder"": 2, ""maxLevel"": 20, ""minLevel"": 1, ""reserved"": 0, ""available"": 0, ""averageDailyUse"": 0, ""issuedLast90Days"": 0, ""inventoryPosition"": 2, ""estimatedCoverDays"": null, ""averageWeeklyConsumption"": 0}","{""rule"": ""available (on_hand - reserved) <= min_level triggers replenishment up to max_level, counting stock already on open purchase orders"", ""formula"": ""suggested = max(max_level(20) - (available(0) + onOrder(2)), 0) = 18"", ""features"": {""onHand"": 0, ""onOrder"": 2, ""maxLevel"": 20, ""minLevel"": 1, ""reserved"": 0, ""available"": 0, ""averageDailyUse"": 0, ""issuedLast90Days"": 0, ""inventoryPosition"": 2, ""estimatedCoverDays"": null, ""averageWeeklyConsumption"": 0}}",2026-09-20 04:48:09.163399+03,,,,,,{},t
907d61ad-4add-4e85-b1b0-633ab6ba5e1b,00000000-0000-0000-0000-000000000001,inventory_reorder,min-max-open-po-v2,RULE_BASELINE,part,806d89cd-cccf-42fb-b15f-18c50e89389d,20,CRITICAL,"{""onHand"": 0, ""onOrder"": 0, ""maxLevel"": 20, ""minLevel"": 1, ""reserved"": 0, ""available"": 0, ""averageDailyUse"": 0.11, ""issuedLast90Days"": 10, ""inventoryPosition"": 0, ""estimatedCoverDays"": 0, ""averageWeeklyConsumption"": 0.78}","{""rule"": ""available (on_hand - reserved) <= min_level triggers replenishment up to max_level, counting stock already on open purchase orders"", ""formula"": ""suggested = max(max_level(20) - (available(0) + onOrder(0)), 0) = 20"", ""features"": {""onHand"": 0, ""onOrder"": 0, ""maxLevel"": 20, ""minLevel"": 1, ""reserved"": 0, ""available"": 0, ""averageDailyUse"": 0.11, ""issuedLast90Days"": 10, ""inventoryPosition"": 0, ""estimatedCoverDays"": 0, ""averageWeeklyConsumption"": 0.78}}",2026-09-20 04:48:09.165599+03,,,,,,{},t
17ac80e2-3ca0-4cf5-a2c5-2efbfad3248b,00000000-0000-0000-0000-000000000001,inventory_reorder,min-max-open-po-v2,RULE_BASELINE,part,7d3c4823-0024-4583-8ba4-1c357937285e,20,CRITICAL,"{""onHand"": 0, ""onOrder"": 0, ""maxLevel"": 20, ""minLevel"": 5, ""reserved"": 0, ""available"": 0, ""averageDailyUse"": 0, ""issuedLast90Days"": 0, ""inventoryPosition"": 0, ""estimatedCoverDays"": null, ""averageWeeklyConsumption"": 0}","{""rule"": ""available (on_hand - reserved) <= min_level triggers replenishment up to max_level, counting stock already on open purchase orders"", ""formula"": ""suggested = max(max_level(20) - (available(0) + onOrder(0)), 0) = 20"", ""features"": {""onHand"": 0, ""onOrder"": 0, ""maxLevel"": 20, ""minLevel"": 5, ""reserved"": 0, ""available"": 0, ""averageDailyUse"": 0, ""issuedLast90Days"": 0, ""inventoryPosition"": 0, ""estimatedCoverDays"": null, ""averageWeeklyConsumption"": 0}}",2026-09-20 04:48:09.16685+03,,,,,,{},t
19aed419-a772-438e-bed2-bc5b5163ae4d,00000000-0000-0000-0000-000000000001,inventory_reorder,min-max-open-po-v2,RULE_BASELINE,part,2ded21da-f256-4328-b209-7d0833cf22fc,0,NORMAL,"{""onHand"": 2, ""onOrder"": 70, ""maxLevel"": 40, ""minLevel"": 5, ""reserved"": 0, ""available"": 2, ""averageDailyUse"": 0, ""issuedLast90Days"": 0, ""inventoryPosition"": 72, ""estimatedCoverDays"": null, ""averageWeeklyConsumption"": 0}","{""rule"": ""available (on_hand - reserved) <= min_level triggers replenishment up to max_level, counting stock already on open purchase orders"", ""formula"": ""suggested = max(max_level(40) - (available(2) + onOrder(70)), 0) = 0"", ""features"": {""onHand"": 2, ""onOrder"": 70, ""maxLevel"": 40, ""minLevel"": 5, ""reserved"": 0, ""available"": 2, ""averageDailyUse"": 0, ""issuedLast90Days"": 0, ""inventoryPosition"": 72, ""estimatedCoverDays"": null, ""averageWeeklyConsumption"": 0}}",2026-09-20 14:52:42.684575+03,,,,,,{},t
0cce1b2c-281b-4b89-adbe-543d8ff5b732,00000000-0000-0000-0000-000000000001,inventory_reorder,min-max-open-po-v2,RULE_BASELINE,part,10252e3c-8058-44e9-a360-9a363d7d30fd,18,NORMAL,"{""onHand"": 2, ""onOrder"": 20, ""maxLevel"": 40, ""minLevel"": 5, ""reserved"": 0, ""available"": 2, ""averageDailyUse"": 0, ""issuedLast90Days"": 0, ""inventoryPosition"": 22, ""estimatedCoverDays"": null, ""averageWeeklyConsumption"": 0}","{""rule"": ""available (on_hand - reserved) <= min_level triggers replenishment up to max_level, counting stock already on open purchase orders"", ""formula"": ""suggested = max(max_level(40) - (available(2) + onOrder(20)), 0) = 18"", ""features"": {""onHand"": 2, ""onOrder"": 20, ""maxLevel"": 40, ""minLevel"": 5, ""reserved"": 0, ""available"": 2, ""averageDailyUse"": 0, ""issuedLast90Days"": 0, ""inventoryPosition"": 22, ""estimatedCoverDays"": null, ""averageWeeklyConsumption"": 0}}",2026-09-20 14:52:42.706258+03,,,,,,{},t
2b10fd4f-c50d-40b1-a5d5-8ab4c7d3b3f2,00000000-0000-0000-0000-000000000001,inventory_reorder,min-max-open-po-v2,RULE_BASELINE,part,8511da5a-f3ee-484f-9589-4c86314cfb9a,38,NORMAL,"{""onHand"": 2, ""onOrder"": 0, ""maxLevel"": 40, ""minLevel"": 5, ""reserved"": 0, ""available"": 2, ""averageDailyUse"": 0, ""issuedLast90Days"": 0, ""inventoryPosition"": 2, ""estimatedCoverDays"": null, ""averageWeeklyConsumption"": 0}","{""rule"": ""available (on_hand - reserved) <= min_level triggers replenishment up to max_level, counting stock already on open purchase orders"", ""formula"": ""suggested = max(max_level(40) - (available(2) + onOrder(0)), 0) = 38"", ""features"": {""onHand"": 2, ""onOrder"": 0, ""maxLevel"": 40, ""minLevel"": 5, ""reserved"": 0, ""available"": 2, ""averageDailyUse"": 0, ""issuedLast90Days"": 0, ""inventoryPosition"": 2, ""estimatedCoverDays"": null, ""averageWeeklyConsumption"": 0}}",2026-09-20 14:52:42.707753+03,,,,,,{},t
38784cef-022d-48a1-9dce-40246ba2e7df,00000000-0000-0000-0000-000000000001,inventory_reorder,min-max-open-po-v2,RULE_BASELINE,part,d763a772-cfb8-4758-9204-88316af46749,19,NORMAL,"{""onHand"": 1, ""onOrder"": 0, ""maxLevel"": 20, ""minLevel"": 1, ""reserved"": 0, ""available"": 1, ""averageDailyUse"": 0.04, ""issuedLast90Days"": 4, ""inventoryPosition"": 1, ""estimatedCoverDays"": 22.5, ""averageWeeklyConsumption"": 0.31}","{""rule"": ""available (on_hand - reserved) <= min_level triggers replenishment up to max_level, counting stock already on open purchase orders"", ""formula"": ""suggested = max(max_level(20) - (available(1) + onOrder(0)), 0) = 19"", ""features"": {""onHand"": 1, ""onOrder"": 0, ""maxLevel"": 20, ""minLevel"": 1, ""reserved"": 0, ""available"": 1, ""averageDailyUse"": 0.04, ""issuedLast90Days"": 4, ""inventoryPosition"": 1, ""estimatedCoverDays"": 22.5, ""averageWeeklyConsumption"": 0.31}}",2026-09-20 14:52:42.70901+03,,,,,,{},t
a3d4e955-5fb7-4264-a3c9-c384491e237b,00000000-0000-0000-0000-000000000001,inventory_reorder,min-max-open-po-v2,RULE_BASELINE,part,56fb9b57-4907-4187-8dc1-6a265e78719e,20,CRITICAL,"{""onHand"": 0, ""onOrder"": 0, ""maxLevel"": 20, ""minLevel"": 5, ""reserved"": 0, ""available"": 0, ""averageDailyUse"": 0, ""issuedLast90Days"": 0, ""inventoryPosition"": 0, ""estimatedCoverDays"": null, ""averageWeeklyConsumption"": 0}","{""rule"": ""available (on_hand - reserved) <= min_level triggers replenishment up to max_level, counting stock already on open purchase orders"", ""formula"": ""suggested = max(max_level(20) - (available(0) + onOrder(0)), 0) = 20"", ""features"": {""onHand"": 0, ""onOrder"": 0, ""maxLevel"": 20, ""minLevel"": 5, ""reserved"": 0, ""available"": 0, ""averageDailyUse"": 0, ""issuedLast90Days"": 0, ""inventoryPosition"": 0, ""estimatedCoverDays"": null, ""averageWeeklyConsumption"": 0}}",2026-09-20 14:52:42.710255+03,,,,,,{},t
7c4dd8dd-de33-4353-bda4-9f007c589e05,00000000-0000-0000-0000-000000000001,inventory_reorder,min-max-open-po-v2,RULE_BASELINE,part,1f82ea52-ecfb-48e2-b38e-467e00a088e9,19,NORMAL,"{""onHand"": 1, ""onOrder"": 0, ""maxLevel"": 20, ""minLevel"": 1, ""reserved"": 0, ""available"": 1, ""averageDailyUse"": 0, ""issuedLast90Days"": 0, ""inventoryPosition"": 1, ""estimatedCoverDays"": null, ""averageWeeklyConsumption"": 0}","{""rule"": ""available (on_hand - reserved) <= min_level triggers replenishment up to max_level, counting stock already on open purchase orders"", ""formula"": ""suggested = max(max_level(20) - (available(1) + onOrder(0)), 0) = 19"", ""features"": {""onHand"": 1, ""onOrder"": 0, ""maxLevel"": 20, ""minLevel"": 1, ""reserved"": 0, ""available"": 1, ""averageDailyUse"": 0, ""issuedLast90Days"": 0, ""inventoryPosition"": 1, ""estimatedCoverDays"": null, ""averageWeeklyConsumption"": 0}}",2026-09-20 14:52:42.711679+03,,,,,,{},t
9a339cd0-d71f-4345-a367-08e16ff1e384,00000000-0000-0000-0000-000000000001,inventory_reorder,min-max-open-po-v2,RULE_BASELINE,part,fc2ee504-01b0-4116-a572-e488ecb2e3dd,38,NORMAL,"{""onHand"": 2, ""onOrder"": 0, ""maxLevel"": 40, ""minLevel"": 5, ""reserved"": 0, ""available"": 2, ""averageDailyUse"": 0, ""issuedLast90Days"": 0, ""inventoryPosition"": 2, ""estimatedCoverDays"": null, ""averageWeeklyConsumption"": 0}","{""rule"": ""available (on_hand - reserved) <= min_level triggers replenishment up to max_level, counting stock already on open purchase orders"", ""formula"": ""suggested = max(max_level(40) - (available(2) + onOrder(0)), 0) = 38"", ""features"": {""onHand"": 2, ""onOrder"": 0, ""maxLevel"": 40, ""minLevel"": 5, ""reserved"": 0, ""available"": 2, ""averageDailyUse"": 0, ""issuedLast90Days"": 0, ""inventoryPosition"": 2, ""estimatedCoverDays"": null, ""averageWeeklyConsumption"": 0}}",2026-09-20 14:52:42.714615+03,,,,,,{},t
dfd8b79f-6b97-4083-8ac3-1532fbc3e303,00000000-0000-0000-0000-000000000001,inventory_reorder,min-max-open-po-v2,RULE_BASELINE,part,5047faec-91f1-4deb-a3b5-9db26ebb871c,8,NORMAL,"{""onHand"": 2, ""onOrder"": 30, ""maxLevel"": 40, ""minLevel"": 5, ""reserved"": 0, ""available"": 2, ""averageDailyUse"": 0, ""issuedLast90Days"": 0, ""inventoryPosition"": 32, ""estimatedCoverDays"": null, ""averageWeeklyConsumption"": 0}","{""rule"": ""available (on_hand - reserved) <= min_level triggers replenishment up to max_level, counting stock already on open purchase orders"", ""formula"": ""suggested = max(max_level(40) - (available(2) + onOrder(30)), 0) = 8"", ""features"": {""onHand"": 2, ""onOrder"": 30, ""maxLevel"": 40, ""minLevel"": 5, ""reserved"": 0, ""available"": 2, ""averageDailyUse"": 0, ""issuedLast90Days"": 0, ""inventoryPosition"": 32, ""estimatedCoverDays"": null, ""averageWeeklyConsumption"": 0}}",2026-09-20 14:52:42.715783+03,,,,,,{},t
46da270d-62e0-4543-bba3-2919bdb7b4dc,00000000-0000-0000-0000-000000000001,inventory_reorder,min-max-open-po-v2,RULE_BASELINE,part,770d3dca-2f6f-46ec-a557-8f45ed40a642,38,NORMAL,"{""onHand"": 2, ""onOrder"": 0, ""maxLevel"": 40, ""minLevel"": 5, ""reserved"": 0, ""available"": 2, ""averageDailyUse"": 0, ""issuedLast90Days"": 0, ""inventoryPosition"": 2, ""estimatedCoverDays"": null, ""averageWeeklyConsumption"": 0}","{""rule"": ""available (on_hand - reserved) <= min_level triggers replenishment up to max_level, counting stock already on open purchase orders"", ""formula"": ""suggested = max(max_level(40) - (available(2) + onOrder(0)), 0) = 38"", ""features"": {""onHand"": 2, ""onOrder"": 0, ""maxLevel"": 40, ""minLevel"": 5, ""reserved"": 0, ""available"": 2, ""averageDailyUse"": 0, ""issuedLast90Days"": 0, ""inventoryPosition"": 2, ""estimatedCoverDays"": null, ""averageWeeklyConsumption"": 0}}",2026-09-20 14:52:42.716937+03,,,,,,{},t
c6687c32-8bda-428e-bfa0-6d75447847b4,00000000-0000-0000-0000-000000000001,inventory_reorder,min-max-open-po-v2,RULE_BASELINE,part,ea1c52d6-8b42-44ea-8678-462fd333f767,38,NORMAL,"{""onHand"": 2, ""onOrder"": 0, ""maxLevel"": 40, ""minLevel"": 5, ""reserved"": 0, ""available"": 2, ""averageDailyUse"": 0, ""issuedLast90Days"": 0, ""inventoryPosition"": 2, ""estimatedCoverDays"": null, ""averageWeeklyConsumption"": 0}","{""rule"": ""available (on_hand - reserved) <= min_level triggers replenishment up to max_level, counting stock already on open purchase orders"", ""formula"": ""suggested = max(max_level(40) - (available(2) + onOrder(0)), 0) = 38"", ""features"": {""onHand"": 2, ""onOrder"": 0, ""maxLevel"": 40, ""minLevel"": 5, ""reserved"": 0, ""available"": 2, ""averageDailyUse"": 0, ""issuedLast90Days"": 0, ""inventoryPosition"": 2, ""estimatedCoverDays"": null, ""averageWeeklyConsumption"": 0}}",2026-09-20 14:52:42.718178+03,,,,,,{},t
62d928b5-ca50-4ca5-aaa3-90165d86c91f,00000000-0000-0000-0000-000000000001,inventory_reorder,min-max-open-po-v2,RULE_BASELINE,part,9ac56e3c-cbf7-4ffd-8da6-3a4e1efebc0a,10,CRITICAL,"{""onHand"": 0, ""onOrder"": 10, ""maxLevel"": 20, ""minLevel"": 1, ""reserved"": 0, ""available"": 0, ""averageDailyUse"": 0, ""issuedLast90Days"": 0, ""inventoryPosition"": 10, ""estimatedCoverDays"": null, ""averageWeeklyConsumption"": 0}","{""rule"": ""available (on_hand - reserved) <= min_level triggers replenishment up to max_level, counting stock already on open purchase orders"", ""formula"": ""suggested = max(max_level(20) - (available(0) + onOrder(10)), 0) = 10"", ""features"": {""onHand"": 0, ""onOrder"": 10, ""maxLevel"": 20, ""minLevel"": 1, ""reserved"": 0, ""available"": 0, ""averageDailyUse"": 0, ""issuedLast90Days"": 0, ""inventoryPosition"": 10, ""estimatedCoverDays"": null, ""averageWeeklyConsumption"": 0}}",2026-09-20 14:52:42.719344+03,,,,,,{},t
fc50188c-3543-41dd-a8a6-6cea453c8ca0,00000000-0000-0000-0000-000000000001,inventory_reorder,min-max-open-po-v2,RULE_BASELINE,part,1c65ea5c-2c1e-4ba5-84ce-5392135957f1,10,CRITICAL,"{""onHand"": 0, ""onOrder"": 10, ""maxLevel"": 20, ""minLevel"": 1, ""reserved"": 0, ""available"": 0, ""averageDailyUse"": 0, ""issuedLast90Days"": 0, ""inventoryPosition"": 10, ""estimatedCoverDays"": null, ""averageWeeklyConsumption"": 0}","{""rule"": ""available (on_hand - reserved) <= min_level triggers replenishment up to max_level, counting stock already on open purchase orders"", ""formula"": ""suggested = max(max_level(20) - (available(0) + onOrder(10)), 0) = 10"", ""features"": {""onHand"": 0, ""onOrder"": 10, ""maxLevel"": 20, ""minLevel"": 1, ""reserved"": 0, ""available"": 0, ""averageDailyUse"": 0, ""issuedLast90Days"": 0, ""inventoryPosition"": 10, ""estimatedCoverDays"": null, ""averageWeeklyConsumption"": 0}}",2026-09-20 14:52:42.720564+03,,,,,,{},t
d0db1fa7-a5cd-454f-97fe-214c01105bf2,00000000-0000-0000-0000-000000000001,inventory_reorder,min-max-open-po-v2,RULE_BASELINE,part,e23ef226-ee71-4df6-8099-0fcbd0b0c0ff,20,CRITICAL,"{""onHand"": 0, ""onOrder"": 0, ""maxLevel"": 20, ""minLevel"": 1, ""reserved"": 0, ""available"": 0, ""averageDailyUse"": 0.13, ""issuedLast90Days"": 12, ""inventoryPosition"": 0, ""estimatedCoverDays"": 0, ""averageWeeklyConsumption"": 0.93}","{""rule"": ""available (on_hand - reserved) <= min_level triggers replenishment up to max_level, counting stock already on open purchase orders"", ""formula"": ""suggested = max(max_level(20) - (available(0) + onOrder(0)), 0) = 20"", ""features"": {""onHand"": 0, ""onOrder"": 0, ""maxLevel"": 20, ""minLevel"": 1, ""reserved"": 0, ""available"": 0, ""averageDailyUse"": 0.13, ""issuedLast90Days"": 12, ""inventoryPosition"": 0, ""estimatedCoverDays"": 0, ""averageWeeklyConsumption"": 0.93}}",2026-09-20 14:52:42.721791+03,,,,,,{},t
3fe2b96a-d95e-4a29-8ab7-2df2eab68362,00000000-0000-0000-0000-000000000001,inventory_reorder,min-max-open-po-v2,RULE_BASELINE,part,d5148721-48eb-4217-b66d-99c3027aa417,20,CRITICAL,"{""onHand"": 0, ""onOrder"": 0, ""maxLevel"": 20, ""minLevel"": 1, ""reserved"": 0, ""available"": 0, ""averageDailyUse"": 0.08, ""issuedLast90Days"": 7, ""inventoryPosition"": 0, ""estimatedCoverDays"": 0, ""averageWeeklyConsumption"": 0.54}","{""rule"": ""available (on_hand - reserved) <= min_level triggers replenishment up to max_level, counting stock already on open purchase orders"", ""formula"": ""suggested = max(max_level(20) - (available(0) + onOrder(0)), 0) = 20"", ""features"": {""onHand"": 0, ""onOrder"": 0, ""maxLevel"": 20, ""minLevel"": 1, ""reserved"": 0, ""available"": 0, ""averageDailyUse"": 0.08, ""issuedLast90Days"": 7, ""inventoryPosition"": 0, ""estimatedCoverDays"": 0, ""averageWeeklyConsumption"": 0.54}}",2026-09-20 14:52:42.723214+03,,,,,,{},t
f3e01eb6-875f-4f28-be65-9a049a97d84e,00000000-0000-0000-0000-000000000001,inventory_reorder,min-max-open-po-v2,RULE_BASELINE,part,91b90173-2b9f-44fa-aa5e-843da421649b,19,NORMAL,"{""onHand"": 1, ""onOrder"": 0, ""maxLevel"": 20, ""minLevel"": 1, ""reserved"": 0, ""available"": 1, ""averageDailyUse"": 0, ""issuedLast90Days"": 0, ""inventoryPosition"": 1, ""estimatedCoverDays"": null, ""averageWeeklyConsumption"": 0}","{""rule"": ""available (on_hand - reserved) <= min_level triggers replenishment up to max_level, counting stock already on open purchase orders"", ""formula"": ""suggested = max(max_level(20) - (available(1) + onOrder(0)), 0) = 19"", ""features"": {""onHand"": 1, ""onOrder"": 0, ""maxLevel"": 20, ""minLevel"": 1, ""reserved"": 0, ""available"": 1, ""averageDailyUse"": 0, ""issuedLast90Days"": 0, ""inventoryPosition"": 1, ""estimatedCoverDays"": null, ""averageWeeklyConsumption"": 0}}",2026-09-20 14:52:42.724556+03,,,,,,{},t
3e11db6c-2277-494c-8075-64585afa5520,00000000-0000-0000-0000-000000000001,inventory_reorder,min-max-open-po-v2,RULE_BASELINE,part,1d0b51e1-f666-4c3c-882a-3ba7646d5bd7,19,CRITICAL,"{""onHand"": 0, ""onOrder"": 1, ""maxLevel"": 20, ""minLevel"": 1, ""reserved"": 0, ""available"": 0, ""averageDailyUse"": 0, ""issuedLast90Days"": 0, ""inventoryPosition"": 1, ""estimatedCoverDays"": null, ""averageWeeklyConsumption"": 0}","{""rule"": ""available (on_hand - reserved) <= min_level triggers replenishment up to max_level, counting stock already on open purchase orders"", ""formula"": ""suggested = max(max_level(20) - (available(0) + onOrder(1)), 0) = 19"", ""features"": {""onHand"": 0, ""onOrder"": 1, ""maxLevel"": 20, ""minLevel"": 1, ""reserved"": 0, ""available"": 0, ""averageDailyUse"": 0, ""issuedLast90Days"": 0, ""inventoryPosition"": 1, ""estimatedCoverDays"": null, ""averageWeeklyConsumption"": 0}}",2026-09-20 14:52:42.725618+03,,,,,,{},t
75b195e5-5664-46dd-8057-3713b187df55,00000000-0000-0000-0000-000000000001,inventory_reorder,min-max-open-po-v2,RULE_BASELINE,part,95fefc32-a3fc-47f2-852b-d449cd498f01,19,CRITICAL,"{""onHand"": 0, ""onOrder"": 1, ""maxLevel"": 20, ""minLevel"": 1, ""reserved"": 0, ""available"": 0, ""averageDailyUse"": 0, ""issuedLast90Days"": 0, ""inventoryPosition"": 1, ""estimatedCoverDays"": null, ""averageWeeklyConsumption"": 0}","{""rule"": ""available (on_hand - reserved) <= min_level triggers replenishment up to max_level, counting stock already on open purchase orders"", ""formula"": ""suggested = max(max_level(20) - (available(0) + onOrder(1)), 0) = 19"", ""features"": {""onHand"": 0, ""onOrder"": 1, ""maxLevel"": 20, ""minLevel"": 1, ""reserved"": 0, ""available"": 0, ""averageDailyUse"": 0, ""issuedLast90Days"": 0, ""inventoryPosition"": 1, ""estimatedCoverDays"": null, ""averageWeeklyConsumption"": 0}}",2026-09-20 14:52:42.726937+03,,,,,,{},t
87970281-4530-4afa-84d3-903a918ecf74,00000000-0000-0000-0000-000000000001,inventory_reorder,min-max-open-po-v2,RULE_BASELINE,part,1591ffd3-a55b-4bf9-be91-a8fb8bcb2620,19,CRITICAL,"{""onHand"": 0, ""onOrder"": 1, ""maxLevel"": 20, ""minLevel"": 1, ""reserved"": 0, ""available"": 0, ""averageDailyUse"": 0, ""issuedLast90Days"": 0, ""inventoryPosition"": 1, ""estimatedCoverDays"": null, ""averageWeeklyConsumption"": 0}","{""rule"": ""available (on_hand - reserved) <= min_level triggers replenishment up to max_level, counting stock already on open purchase orders"", ""formula"": ""suggested = max(max_level(20) - (available(0) + onOrder(1)), 0) = 19"", ""features"": {""onHand"": 0, ""onOrder"": 1, ""maxLevel"": 20, ""minLevel"": 1, ""reserved"": 0, ""available"": 0, ""averageDailyUse"": 0, ""issuedLast90Days"": 0, ""inventoryPosition"": 1, ""estimatedCoverDays"": null, ""averageWeeklyConsumption"": 0}}",2026-09-20 14:52:42.72863+03,,,,,,{},t
80583f91-ddb1-40b6-a6fa-d7442fa6177a,00000000-0000-0000-0000-000000000001,inventory_reorder,min-max-open-po-v2,RULE_BASELINE,part,45fd725c-5115-48d7-8e59-f225d002ba3d,19,CRITICAL,"{""onHand"": 0, ""onOrder"": 1, ""maxLevel"": 20, ""minLevel"": 1, ""reserved"": 0, ""available"": 0, ""averageDailyUse"": 0, ""issuedLast90Days"": 0, ""inventoryPosition"": 1, ""estimatedCoverDays"": null, ""averageWeeklyConsumption"": 0}","{""rule"": ""available (on_hand - reserved) <= min_level triggers replenishment up to max_level, counting stock already on open purchase orders"", ""formula"": ""suggested = max(max_level(20) - (available(0) + onOrder(1)), 0) = 19"", ""features"": {""onHand"": 0, ""onOrder"": 1, ""maxLevel"": 20, ""minLevel"": 1, ""reserved"": 0, ""available"": 0, ""averageDailyUse"": 0, ""issuedLast90Days"": 0, ""inventoryPosition"": 1, ""estimatedCoverDays"": null, ""averageWeeklyConsumption"": 0}}",2026-09-20 14:52:42.73052+03,,,,,,{},t
d38fd9ea-5f3b-43a5-b6d8-c75407f99a8b,00000000-0000-0000-0000-000000000001,inventory_reorder,min-max-open-po-v2,RULE_BASELINE,part,96502d8f-7984-4f13-8023-d60908984600,19,CRITICAL,"{""onHand"": 0, ""onOrder"": 1, ""maxLevel"": 20, ""minLevel"": 1, ""reserved"": 0, ""available"": 0, ""averageDailyUse"": 0, ""issuedLast90Days"": 0, ""inventoryPosition"": 1, ""estimatedCoverDays"": null, ""averageWeeklyConsumption"": 0}","{""rule"": ""available (on_hand - reserved) <= min_level triggers replenishment up to max_level, counting stock already on open purchase orders"", ""formula"": ""suggested = max(max_level(20) - (available(0) + onOrder(1)), 0) = 19"", ""features"": {""onHand"": 0, ""onOrder"": 1, ""maxLevel"": 20, ""minLevel"": 1, ""reserved"": 0, ""available"": 0, ""averageDailyUse"": 0, ""issuedLast90Days"": 0, ""inventoryPosition"": 1, ""estimatedCoverDays"": null, ""averageWeeklyConsumption"": 0}}",2026-09-20 14:52:42.731701+03,,,,,,{},t
71df1b4e-08bb-4108-853c-6a7de9a6016d,00000000-0000-0000-0000-000000000001,inventory_reorder,min-max-open-po-v2,RULE_BASELINE,part,6a56cb79-24bd-47bb-bc5c-1135db53d4bd,19,CRITICAL,"{""onHand"": 0, ""onOrder"": 1, ""maxLevel"": 20, ""minLevel"": 1, ""reserved"": 0, ""available"": 0, ""averageDailyUse"": 0, ""issuedLast90Days"": 0, ""inventoryPosition"": 1, ""estimatedCoverDays"": null, ""averageWeeklyConsumption"": 0}","{""rule"": ""available (on_hand - reserved) <= min_level triggers replenishment up to max_level, counting stock already on open purchase orders"", ""formula"": ""suggested = max(max_level(20) - (available(0) + onOrder(1)), 0) = 19"", ""features"": {""onHand"": 0, ""onOrder"": 1, ""maxLevel"": 20, ""minLevel"": 1, ""reserved"": 0, ""available"": 0, ""averageDailyUse"": 0, ""issuedLast90Days"": 0, ""inventoryPosition"": 1, ""estimatedCoverDays"": null, ""averageWeeklyConsumption"": 0}}",2026-09-20 14:52:42.73293+03,,,,,,{},t
49e7698f-b5d6-4b74-be7e-b30896fd8317,00000000-0000-0000-0000-000000000001,inventory_reorder,min-max-open-po-v2,RULE_BASELINE,part,7895056a-3929-4cf1-a4f9-00170a803a5d,15,CRITICAL,"{""onHand"": 0, ""onOrder"": 5, ""maxLevel"": 20, ""minLevel"": 1, ""reserved"": 0, ""available"": 0, ""averageDailyUse"": 0, ""issuedLast90Days"": 0, ""inventoryPosition"": 5, ""estimatedCoverDays"": null, ""averageWeeklyConsumption"": 0}","{""rule"": ""available (on_hand - reserved) <= min_level triggers replenishment up to max_level, counting stock already on open purchase orders"", ""formula"": ""suggested = max(max_level(20) - (available(0) + onOrder(5)), 0) = 15"", ""features"": {""onHand"": 0, ""onOrder"": 5, ""maxLevel"": 20, ""minLevel"": 1, ""reserved"": 0, ""available"": 0, ""averageDailyUse"": 0, ""issuedLast90Days"": 0, ""inventoryPosition"": 5, ""estimatedCoverDays"": null, ""averageWeeklyConsumption"": 0}}",2026-09-20 14:52:42.734383+03,,,,,,{},t
d0321f8e-c761-4957-b17e-b9f9c2686bcc,00000000-0000-0000-0000-000000000001,inventory_reorder,min-max-open-po-v2,RULE_BASELINE,part,272a1d8c-034c-49ef-8a99-81e23a3725cf,18,CRITICAL,"{""onHand"": 0, ""onOrder"": 2, ""maxLevel"": 20, ""minLevel"": 1, ""reserved"": 0, ""available"": 0, ""averageDailyUse"": 0, ""issuedLast90Days"": 0, ""inventoryPosition"": 2, ""estimatedCoverDays"": null, ""averageWeeklyConsumption"": 0}","{""rule"": ""available (on_hand - reserved) <= min_level triggers replenishment up to max_level, counting stock already on open purchase orders"", ""formula"": ""suggested = max(max_level(20) - (available(0) + onOrder(2)), 0) = 18"", ""features"": {""onHand"": 0, ""onOrder"": 2, ""maxLevel"": 20, ""minLevel"": 1, ""reserved"": 0, ""available"": 0, ""averageDailyUse"": 0, ""issuedLast90Days"": 0, ""inventoryPosition"": 2, ""estimatedCoverDays"": null, ""averageWeeklyConsumption"": 0}}",2026-09-20 14:52:42.735488+03,,,,,,{},t
318c2560-04bc-4628-95c3-aa87ad0cbf6d,00000000-0000-0000-0000-000000000001,inventory_reorder,min-max-open-po-v2,RULE_BASELINE,part,806d89cd-cccf-42fb-b15f-18c50e89389d,20,CRITICAL,"{""onHand"": 0, ""onOrder"": 0, ""maxLevel"": 20, ""minLevel"": 1, ""reserved"": 0, ""available"": 0, ""averageDailyUse"": 0.11, ""issuedLast90Days"": 10, ""inventoryPosition"": 0, ""estimatedCoverDays"": 0, ""averageWeeklyConsumption"": 0.78}","{""rule"": ""available (on_hand - reserved) <= min_level triggers replenishment up to max_level, counting stock already on open purchase orders"", ""formula"": ""suggested = max(max_level(20) - (available(0) + onOrder(0)), 0) = 20"", ""features"": {""onHand"": 0, ""onOrder"": 0, ""maxLevel"": 20, ""minLevel"": 1, ""reserved"": 0, ""available"": 0, ""averageDailyUse"": 0.11, ""issuedLast90Days"": 10, ""inventoryPosition"": 0, ""estimatedCoverDays"": 0, ""averageWeeklyConsumption"": 0.78}}",2026-09-20 14:52:42.736836+03,,,,,,{},t
ef11e2f9-97ce-441e-947b-4d18b7560936,00000000-0000-0000-0000-000000000001,inventory_reorder,min-max-open-po-v2,RULE_BASELINE,part,7d3c4823-0024-4583-8ba4-1c357937285e,20,CRITICAL,"{""onHand"": 0, ""onOrder"": 0, ""maxLevel"": 20, ""minLevel"": 5, ""reserved"": 0, ""available"": 0, ""averageDailyUse"": 0, ""issuedLast90Days"": 0, ""inventoryPosition"": 0, ""estimatedCoverDays"": null, ""averageWeeklyConsumption"": 0}","{""rule"": ""available (on_hand - reserved) <= min_level triggers replenishment up to max_level, counting stock already on open purchase orders"", ""formula"": ""suggested = max(max_level(20) - (available(0) + onOrder(0)), 0) = 20"", ""features"": {""onHand"": 0, ""onOrder"": 0, ""maxLevel"": 20, ""minLevel"": 5, ""reserved"": 0, ""available"": 0, ""averageDailyUse"": 0, ""issuedLast90Days"": 0, ""inventoryPosition"": 0, ""estimatedCoverDays"": null, ""averageWeeklyConsumption"": 0}}",2026-09-20 14:52:42.738104+03,,,,,,{},t
cccd902a-cd95-43d8-b2ab-ddbf7732b470,00000000-0000-0000-0000-000000000001,inventory_reorder,min-max-open-po-v2,RULE_BASELINE,part,1fb547f0-933e-4171-a9aa-f845897a9000,19,NORMAL,"{""onHand"": 1, ""onOrder"": 0, ""maxLevel"": 20, ""minLevel"": 1, ""reserved"": 0, ""available"": 1, ""averageDailyUse"": 0.04, ""issuedLast90Days"": 4, ""inventoryPosition"": 1, ""estimatedCoverDays"": 22.5, ""averageWeeklyConsumption"": 0.31}","{""rule"": ""available (on_hand - reserved) <= min_level triggers replenishment up to max_level, counting stock already on open purchase orders"", ""formula"": ""suggested = max(max_level(20) - (available(1) + onOrder(0)), 0) = 19"", ""features"": {""onHand"": 1, ""onOrder"": 0, ""maxLevel"": 20, ""minLevel"": 1, ""reserved"": 0, ""available"": 1, ""averageDailyUse"": 0.04, ""issuedLast90Days"": 4, ""inventoryPosition"": 1, ""estimatedCoverDays"": 22.5, ""averageWeeklyConsumption"": 0.31}}",2026-09-20 14:52:42.739166+03,OVERRIDDEN,8e6a9a24-c021-43ad-8a3b-b9bb05770ed0,2026-09-20 14:52:42.778231+03,5,Vendor minimum order is 5,"{""orderedQty"": 5}",t
bd7e8b85-eaab-4aee-a5d3-77bd1c4d2561,00000000-0000-0000-0000-000000000001,inventory_reorder,min-max-open-po-v2,RULE_BASELINE,part,2ded21da-f256-4328-b209-7d0833cf22fc,0,NORMAL,"{""onHand"": 2, ""onOrder"": 70, ""maxLevel"": 40, ""minLevel"": 5, ""reserved"": 0, ""available"": 2, ""averageDailyUse"": 0, ""issuedLast90Days"": 0, ""inventoryPosition"": 72, ""estimatedCoverDays"": null, ""averageWeeklyConsumption"": 0}","{""rule"": ""available (on_hand - reserved) <= min_level triggers replenishment up to max_level, counting stock already on open purchase orders"", ""formula"": ""suggested = max(max_level(40) - (available(2) + onOrder(70)), 0) = 0"", ""features"": {""onHand"": 2, ""onOrder"": 70, ""maxLevel"": 40, ""minLevel"": 5, ""reserved"": 0, ""available"": 2, ""averageDailyUse"": 0, ""issuedLast90Days"": 0, ""inventoryPosition"": 72, ""estimatedCoverDays"": null, ""averageWeeklyConsumption"": 0}}",2026-09-20 14:53:03.936475+03,,,,,,{},t
fc022ac8-2420-4a05-9067-1a8effafc532,00000000-0000-0000-0000-000000000001,inventory_reorder,min-max-open-po-v2,RULE_BASELINE,part,10252e3c-8058-44e9-a360-9a363d7d30fd,18,NORMAL,"{""onHand"": 2, ""onOrder"": 20, ""maxLevel"": 40, ""minLevel"": 5, ""reserved"": 0, ""available"": 2, ""averageDailyUse"": 0, ""issuedLast90Days"": 0, ""inventoryPosition"": 22, ""estimatedCoverDays"": null, ""averageWeeklyConsumption"": 0}","{""rule"": ""available (on_hand - reserved) <= min_level triggers replenishment up to max_level, counting stock already on open purchase orders"", ""formula"": ""suggested = max(max_level(40) - (available(2) + onOrder(20)), 0) = 18"", ""features"": {""onHand"": 2, ""onOrder"": 20, ""maxLevel"": 40, ""minLevel"": 5, ""reserved"": 0, ""available"": 2, ""averageDailyUse"": 0, ""issuedLast90Days"": 0, ""inventoryPosition"": 22, ""estimatedCoverDays"": null, ""averageWeeklyConsumption"": 0}}",2026-09-20 14:53:03.940628+03,,,,,,{},t
1ef1dd6f-8f8e-4f23-920a-d20c60a3e9e1,00000000-0000-0000-0000-000000000001,inventory_reorder,min-max-open-po-v2,RULE_BASELINE,part,8511da5a-f3ee-484f-9589-4c86314cfb9a,38,NORMAL,"{""onHand"": 2, ""onOrder"": 0, ""maxLevel"": 40, ""minLevel"": 5, ""reserved"": 0, ""available"": 2, ""averageDailyUse"": 0, ""issuedLast90Days"": 0, ""inventoryPosition"": 2, ""estimatedCoverDays"": null, ""averageWeeklyConsumption"": 0}","{""rule"": ""available (on_hand - reserved) <= min_level triggers replenishment up to max_level, counting stock already on open purchase orders"", ""formula"": ""suggested = max(max_level(40) - (available(2) + onOrder(0)), 0) = 38"", ""features"": {""onHand"": 2, ""onOrder"": 0, ""maxLevel"": 40, ""minLevel"": 5, ""reserved"": 0, ""available"": 2, ""averageDailyUse"": 0, ""issuedLast90Days"": 0, ""inventoryPosition"": 2, ""estimatedCoverDays"": null, ""averageWeeklyConsumption"": 0}}",2026-09-20 14:53:03.941735+03,,,,,,{},t
3673b92f-dffe-4a5b-8d59-5e07e65ffe5e,00000000-0000-0000-0000-000000000001,inventory_reorder,min-max-open-po-v2,RULE_BASELINE,part,d763a772-cfb8-4758-9204-88316af46749,19,NORMAL,"{""onHand"": 1, ""onOrder"": 0, ""maxLevel"": 20, ""minLevel"": 1, ""reserved"": 0, ""available"": 1, ""averageDailyUse"": 0.04, ""issuedLast90Days"": 4, ""inventoryPosition"": 1, ""estimatedCoverDays"": 22.5, ""averageWeeklyConsumption"": 0.31}","{""rule"": ""available (on_hand - reserved) <= min_level triggers replenishment up to max_level, counting stock already on open purchase orders"", ""formula"": ""suggested = max(max_level(20) - (available(1) + onOrder(0)), 0) = 19"", ""features"": {""onHand"": 1, ""onOrder"": 0, ""maxLevel"": 20, ""minLevel"": 1, ""reserved"": 0, ""available"": 1, ""averageDailyUse"": 0.04, ""issuedLast90Days"": 4, ""inventoryPosition"": 1, ""estimatedCoverDays"": 22.5, ""averageWeeklyConsumption"": 0.31}}",2026-09-20 14:53:03.942865+03,,,,,,{},t
45b4763b-37d3-4ad3-8436-88439516ae44,00000000-0000-0000-0000-000000000001,inventory_reorder,min-max-open-po-v2,RULE_BASELINE,part,56fb9b57-4907-4187-8dc1-6a265e78719e,20,CRITICAL,"{""onHand"": 0, ""onOrder"": 0, ""maxLevel"": 20, ""minLevel"": 5, ""reserved"": 0, ""available"": 0, ""averageDailyUse"": 0, ""issuedLast90Days"": 0, ""inventoryPosition"": 0, ""estimatedCoverDays"": null, ""averageWeeklyConsumption"": 0}","{""rule"": ""available (on_hand - reserved) <= min_level triggers replenishment up to max_level, counting stock already on open purchase orders"", ""formula"": ""suggested = max(max_level(20) - (available(0) + onOrder(0)), 0) = 20"", ""features"": {""onHand"": 0, ""onOrder"": 0, ""maxLevel"": 20, ""minLevel"": 5, ""reserved"": 0, ""available"": 0, ""averageDailyUse"": 0, ""issuedLast90Days"": 0, ""inventoryPosition"": 0, ""estimatedCoverDays"": null, ""averageWeeklyConsumption"": 0}}",2026-09-20 14:53:03.943984+03,,,,,,{},t
d4e65e60-2838-4705-927b-d94334ee4366,00000000-0000-0000-0000-000000000001,inventory_reorder,min-max-open-po-v2,RULE_BASELINE,part,1f82ea52-ecfb-48e2-b38e-467e00a088e9,19,NORMAL,"{""onHand"": 1, ""onOrder"": 0, ""maxLevel"": 20, ""minLevel"": 1, ""reserved"": 0, ""available"": 1, ""averageDailyUse"": 0, ""issuedLast90Days"": 0, ""inventoryPosition"": 1, ""estimatedCoverDays"": null, ""averageWeeklyConsumption"": 0}","{""rule"": ""available (on_hand - reserved) <= min_level triggers replenishment up to max_level, counting stock already on open purchase orders"", ""formula"": ""suggested = max(max_level(20) - (available(1) + onOrder(0)), 0) = 19"", ""features"": {""onHand"": 1, ""onOrder"": 0, ""maxLevel"": 20, ""minLevel"": 1, ""reserved"": 0, ""available"": 1, ""averageDailyUse"": 0, ""issuedLast90Days"": 0, ""inventoryPosition"": 1, ""estimatedCoverDays"": null, ""averageWeeklyConsumption"": 0}}",2026-09-20 14:53:03.945075+03,,,,,,{},t
4b84e1b1-78cd-4619-8da7-337591cee630,00000000-0000-0000-0000-000000000001,inventory_reorder,min-max-open-po-v2,RULE_BASELINE,part,fc2ee504-01b0-4116-a572-e488ecb2e3dd,38,NORMAL,"{""onHand"": 2, ""onOrder"": 0, ""maxLevel"": 40, ""minLevel"": 5, ""reserved"": 0, ""available"": 2, ""averageDailyUse"": 0, ""issuedLast90Days"": 0, ""inventoryPosition"": 2, ""estimatedCoverDays"": null, ""averageWeeklyConsumption"": 0}","{""rule"": ""available (on_hand - reserved) <= min_level triggers replenishment up to max_level, counting stock already on open purchase orders"", ""formula"": ""suggested = max(max_level(40) - (available(2) + onOrder(0)), 0) = 38"", ""features"": {""onHand"": 2, ""onOrder"": 0, ""maxLevel"": 40, ""minLevel"": 5, ""reserved"": 0, ""available"": 2, ""averageDailyUse"": 0, ""issuedLast90Days"": 0, ""inventoryPosition"": 2, ""estimatedCoverDays"": null, ""averageWeeklyConsumption"": 0}}",2026-09-20 14:53:03.94621+03,,,,,,{},t
8deb21b2-0ac9-4ccb-b094-c7c7ed504d4d,00000000-0000-0000-0000-000000000001,inventory_reorder,min-max-open-po-v2,RULE_BASELINE,part,5047faec-91f1-4deb-a3b5-9db26ebb871c,8,NORMAL,"{""onHand"": 2, ""onOrder"": 30, ""maxLevel"": 40, ""minLevel"": 5, ""reserved"": 0, ""available"": 2, ""averageDailyUse"": 0, ""issuedLast90Days"": 0, ""inventoryPosition"": 32, ""estimatedCoverDays"": null, ""averageWeeklyConsumption"": 0}","{""rule"": ""available (on_hand - reserved) <= min_level triggers replenishment up to max_level, counting stock already on open purchase orders"", ""formula"": ""suggested = max(max_level(40) - (available(2) + onOrder(30)), 0) = 8"", ""features"": {""onHand"": 2, ""onOrder"": 30, ""maxLevel"": 40, ""minLevel"": 5, ""reserved"": 0, ""available"": 2, ""averageDailyUse"": 0, ""issuedLast90Days"": 0, ""inventoryPosition"": 32, ""estimatedCoverDays"": null, ""averageWeeklyConsumption"": 0}}",2026-09-20 14:53:03.947492+03,,,,,,{},t
9492ecab-aa3e-4d22-b7d4-86a39327e083,00000000-0000-0000-0000-000000000001,inventory_reorder,min-max-open-po-v2,RULE_BASELINE,part,770d3dca-2f6f-46ec-a557-8f45ed40a642,38,NORMAL,"{""onHand"": 2, ""onOrder"": 0, ""maxLevel"": 40, ""minLevel"": 5, ""reserved"": 0, ""available"": 2, ""averageDailyUse"": 0, ""issuedLast90Days"": 0, ""inventoryPosition"": 2, ""estimatedCoverDays"": null, ""averageWeeklyConsumption"": 0}","{""rule"": ""available (on_hand - reserved) <= min_level triggers replenishment up to max_level, counting stock already on open purchase orders"", ""formula"": ""suggested = max(max_level(40) - (available(2) + onOrder(0)), 0) = 38"", ""features"": {""onHand"": 2, ""onOrder"": 0, ""maxLevel"": 40, ""minLevel"": 5, ""reserved"": 0, ""available"": 2, ""averageDailyUse"": 0, ""issuedLast90Days"": 0, ""inventoryPosition"": 2, ""estimatedCoverDays"": null, ""averageWeeklyConsumption"": 0}}",2026-09-20 14:53:03.953317+03,,,,,,{},t
f5ef0e41-5ae1-4d05-960d-6a0f75737b14,00000000-0000-0000-0000-000000000001,inventory_reorder,min-max-open-po-v2,RULE_BASELINE,part,ea1c52d6-8b42-44ea-8678-462fd333f767,38,NORMAL,"{""onHand"": 2, ""onOrder"": 0, ""maxLevel"": 40, ""minLevel"": 5, ""reserved"": 0, ""available"": 2, ""averageDailyUse"": 0, ""issuedLast90Days"": 0, ""inventoryPosition"": 2, ""estimatedCoverDays"": null, ""averageWeeklyConsumption"": 0}","{""rule"": ""available (on_hand - reserved) <= min_level triggers replenishment up to max_level, counting stock already on open purchase orders"", ""formula"": ""suggested = max(max_level(40) - (available(2) + onOrder(0)), 0) = 38"", ""features"": {""onHand"": 2, ""onOrder"": 0, ""maxLevel"": 40, ""minLevel"": 5, ""reserved"": 0, ""available"": 2, ""averageDailyUse"": 0, ""issuedLast90Days"": 0, ""inventoryPosition"": 2, ""estimatedCoverDays"": null, ""averageWeeklyConsumption"": 0}}",2026-09-20 14:53:03.954683+03,,,,,,{},t
1f7ccdd1-3883-4d27-8bc5-25b528cafc2a,00000000-0000-0000-0000-000000000001,inventory_reorder,min-max-open-po-v2,RULE_BASELINE,part,9ac56e3c-cbf7-4ffd-8da6-3a4e1efebc0a,10,CRITICAL,"{""onHand"": 0, ""onOrder"": 10, ""maxLevel"": 20, ""minLevel"": 1, ""reserved"": 0, ""available"": 0, ""averageDailyUse"": 0, ""issuedLast90Days"": 0, ""inventoryPosition"": 10, ""estimatedCoverDays"": null, ""averageWeeklyConsumption"": 0}","{""rule"": ""available (on_hand - reserved) <= min_level triggers replenishment up to max_level, counting stock already on open purchase orders"", ""formula"": ""suggested = max(max_level(20) - (available(0) + onOrder(10)), 0) = 10"", ""features"": {""onHand"": 0, ""onOrder"": 10, ""maxLevel"": 20, ""minLevel"": 1, ""reserved"": 0, ""available"": 0, ""averageDailyUse"": 0, ""issuedLast90Days"": 0, ""inventoryPosition"": 10, ""estimatedCoverDays"": null, ""averageWeeklyConsumption"": 0}}",2026-09-20 14:53:03.956671+03,,,,,,{},t
bb5c6d2f-9a51-4425-bd31-c7a3ba48be4c,00000000-0000-0000-0000-000000000001,inventory_reorder,min-max-open-po-v2,RULE_BASELINE,part,1c65ea5c-2c1e-4ba5-84ce-5392135957f1,10,CRITICAL,"{""onHand"": 0, ""onOrder"": 10, ""maxLevel"": 20, ""minLevel"": 1, ""reserved"": 0, ""available"": 0, ""averageDailyUse"": 0, ""issuedLast90Days"": 0, ""inventoryPosition"": 10, ""estimatedCoverDays"": null, ""averageWeeklyConsumption"": 0}","{""rule"": ""available (on_hand - reserved) <= min_level triggers replenishment up to max_level, counting stock already on open purchase orders"", ""formula"": ""suggested = max(max_level(20) - (available(0) + onOrder(10)), 0) = 10"", ""features"": {""onHand"": 0, ""onOrder"": 10, ""maxLevel"": 20, ""minLevel"": 1, ""reserved"": 0, ""available"": 0, ""averageDailyUse"": 0, ""issuedLast90Days"": 0, ""inventoryPosition"": 10, ""estimatedCoverDays"": null, ""averageWeeklyConsumption"": 0}}",2026-09-20 14:53:03.957939+03,,,,,,{},t
5775dfda-3097-4ab5-991d-b79c0096d7f6,00000000-0000-0000-0000-000000000001,inventory_reorder,min-max-open-po-v2,RULE_BASELINE,part,e23ef226-ee71-4df6-8099-0fcbd0b0c0ff,20,CRITICAL,"{""onHand"": 0, ""onOrder"": 0, ""maxLevel"": 20, ""minLevel"": 1, ""reserved"": 0, ""available"": 0, ""averageDailyUse"": 0.13, ""issuedLast90Days"": 12, ""inventoryPosition"": 0, ""estimatedCoverDays"": 0, ""averageWeeklyConsumption"": 0.93}","{""rule"": ""available (on_hand - reserved) <= min_level triggers replenishment up to max_level, counting stock already on open purchase orders"", ""formula"": ""suggested = max(max_level(20) - (available(0) + onOrder(0)), 0) = 20"", ""features"": {""onHand"": 0, ""onOrder"": 0, ""maxLevel"": 20, ""minLevel"": 1, ""reserved"": 0, ""available"": 0, ""averageDailyUse"": 0.13, ""issuedLast90Days"": 12, ""inventoryPosition"": 0, ""estimatedCoverDays"": 0, ""averageWeeklyConsumption"": 0.93}}",2026-09-20 14:53:03.958981+03,,,,,,{},t
271c5d28-e2a6-46dc-919c-8c0688be8d7c,00000000-0000-0000-0000-000000000001,inventory_reorder,min-max-open-po-v2,RULE_BASELINE,part,d5148721-48eb-4217-b66d-99c3027aa417,20,CRITICAL,"{""onHand"": 0, ""onOrder"": 0, ""maxLevel"": 20, ""minLevel"": 1, ""reserved"": 0, ""available"": 0, ""averageDailyUse"": 0.08, ""issuedLast90Days"": 7, ""inventoryPosition"": 0, ""estimatedCoverDays"": 0, ""averageWeeklyConsumption"": 0.54}","{""rule"": ""available (on_hand - reserved) <= min_level triggers replenishment up to max_level, counting stock already on open purchase orders"", ""formula"": ""suggested = max(max_level(20) - (available(0) + onOrder(0)), 0) = 20"", ""features"": {""onHand"": 0, ""onOrder"": 0, ""maxLevel"": 20, ""minLevel"": 1, ""reserved"": 0, ""available"": 0, ""averageDailyUse"": 0.08, ""issuedLast90Days"": 7, ""inventoryPosition"": 0, ""estimatedCoverDays"": 0, ""averageWeeklyConsumption"": 0.54}}",2026-09-20 14:53:03.960456+03,,,,,,{},t
cbf61c1e-db9c-4e87-abd6-796679c5bf70,00000000-0000-0000-0000-000000000001,inventory_reorder,min-max-open-po-v2,RULE_BASELINE,part,91b90173-2b9f-44fa-aa5e-843da421649b,19,NORMAL,"{""onHand"": 1, ""onOrder"": 0, ""maxLevel"": 20, ""minLevel"": 1, ""reserved"": 0, ""available"": 1, ""averageDailyUse"": 0, ""issuedLast90Days"": 0, ""inventoryPosition"": 1, ""estimatedCoverDays"": null, ""averageWeeklyConsumption"": 0}","{""rule"": ""available (on_hand - reserved) <= min_level triggers replenishment up to max_level, counting stock already on open purchase orders"", ""formula"": ""suggested = max(max_level(20) - (available(1) + onOrder(0)), 0) = 19"", ""features"": {""onHand"": 1, ""onOrder"": 0, ""maxLevel"": 20, ""minLevel"": 1, ""reserved"": 0, ""available"": 1, ""averageDailyUse"": 0, ""issuedLast90Days"": 0, ""inventoryPosition"": 1, ""estimatedCoverDays"": null, ""averageWeeklyConsumption"": 0}}",2026-09-20 14:53:03.961659+03,,,,,,{},t
9e7d83b4-ee34-4627-9fda-5dfebe9a37b2,00000000-0000-0000-0000-000000000001,inventory_reorder,min-max-open-po-v2,RULE_BASELINE,part,1d0b51e1-f666-4c3c-882a-3ba7646d5bd7,19,CRITICAL,"{""onHand"": 0, ""onOrder"": 1, ""maxLevel"": 20, ""minLevel"": 1, ""reserved"": 0, ""available"": 0, ""averageDailyUse"": 0, ""issuedLast90Days"": 0, ""inventoryPosition"": 1, ""estimatedCoverDays"": null, ""averageWeeklyConsumption"": 0}","{""rule"": ""available (on_hand - reserved) <= min_level triggers replenishment up to max_level, counting stock already on open purchase orders"", ""formula"": ""suggested = max(max_level(20) - (available(0) + onOrder(1)), 0) = 19"", ""features"": {""onHand"": 0, ""onOrder"": 1, ""maxLevel"": 20, ""minLevel"": 1, ""reserved"": 0, ""available"": 0, ""averageDailyUse"": 0, ""issuedLast90Days"": 0, ""inventoryPosition"": 1, ""estimatedCoverDays"": null, ""averageWeeklyConsumption"": 0}}",2026-09-20 14:53:03.962811+03,,,,,,{},t
027e0652-73f9-4fe7-b7e5-b0ed989f92d7,00000000-0000-0000-0000-000000000001,inventory_reorder,min-max-open-po-v2,RULE_BASELINE,part,95fefc32-a3fc-47f2-852b-d449cd498f01,19,CRITICAL,"{""onHand"": 0, ""onOrder"": 1, ""maxLevel"": 20, ""minLevel"": 1, ""reserved"": 0, ""available"": 0, ""averageDailyUse"": 0, ""issuedLast90Days"": 0, ""inventoryPosition"": 1, ""estimatedCoverDays"": null, ""averageWeeklyConsumption"": 0}","{""rule"": ""available (on_hand - reserved) <= min_level triggers replenishment up to max_level, counting stock already on open purchase orders"", ""formula"": ""suggested = max(max_level(20) - (available(0) + onOrder(1)), 0) = 19"", ""features"": {""onHand"": 0, ""onOrder"": 1, ""maxLevel"": 20, ""minLevel"": 1, ""reserved"": 0, ""available"": 0, ""averageDailyUse"": 0, ""issuedLast90Days"": 0, ""inventoryPosition"": 1, ""estimatedCoverDays"": null, ""averageWeeklyConsumption"": 0}}",2026-09-20 14:53:03.964107+03,,,,,,{},t
1f57c4f0-6310-406d-b2cb-3e358cc6fa69,00000000-0000-0000-0000-000000000001,inventory_reorder,min-max-open-po-v2,RULE_BASELINE,part,1591ffd3-a55b-4bf9-be91-a8fb8bcb2620,19,CRITICAL,"{""onHand"": 0, ""onOrder"": 1, ""maxLevel"": 20, ""minLevel"": 1, ""reserved"": 0, ""available"": 0, ""averageDailyUse"": 0, ""issuedLast90Days"": 0, ""inventoryPosition"": 1, ""estimatedCoverDays"": null, ""averageWeeklyConsumption"": 0}","{""rule"": ""available (on_hand - reserved) <= min_level triggers replenishment up to max_level, counting stock already on open purchase orders"", ""formula"": ""suggested = max(max_level(20) - (available(0) + onOrder(1)), 0) = 19"", ""features"": {""onHand"": 0, ""onOrder"": 1, ""maxLevel"": 20, ""minLevel"": 1, ""reserved"": 0, ""available"": 0, ""averageDailyUse"": 0, ""issuedLast90Days"": 0, ""inventoryPosition"": 1, ""estimatedCoverDays"": null, ""averageWeeklyConsumption"": 0}}",2026-09-20 14:53:03.965162+03,,,,,,{},t
8fa23283-a2e5-4ccb-9e8c-76db3f451096,00000000-0000-0000-0000-000000000001,inventory_reorder,min-max-open-po-v2,RULE_BASELINE,part,45fd725c-5115-48d7-8e59-f225d002ba3d,19,CRITICAL,"{""onHand"": 0, ""onOrder"": 1, ""maxLevel"": 20, ""minLevel"": 1, ""reserved"": 0, ""available"": 0, ""averageDailyUse"": 0, ""issuedLast90Days"": 0, ""inventoryPosition"": 1, ""estimatedCoverDays"": null, ""averageWeeklyConsumption"": 0}","{""rule"": ""available (on_hand - reserved) <= min_level triggers replenishment up to max_level, counting stock already on open purchase orders"", ""formula"": ""suggested = max(max_level(20) - (available(0) + onOrder(1)), 0) = 19"", ""features"": {""onHand"": 0, ""onOrder"": 1, ""maxLevel"": 20, ""minLevel"": 1, ""reserved"": 0, ""available"": 0, ""averageDailyUse"": 0, ""issuedLast90Days"": 0, ""inventoryPosition"": 1, ""estimatedCoverDays"": null, ""averageWeeklyConsumption"": 0}}",2026-09-20 14:53:03.966223+03,,,,,,{},t
462d87d3-a61a-4af2-8bf6-63b9a37d1651,00000000-0000-0000-0000-000000000001,inventory_reorder,min-max-open-po-v2,RULE_BASELINE,part,96502d8f-7984-4f13-8023-d60908984600,19,CRITICAL,"{""onHand"": 0, ""onOrder"": 1, ""maxLevel"": 20, ""minLevel"": 1, ""reserved"": 0, ""available"": 0, ""averageDailyUse"": 0, ""issuedLast90Days"": 0, ""inventoryPosition"": 1, ""estimatedCoverDays"": null, ""averageWeeklyConsumption"": 0}","{""rule"": ""available (on_hand - reserved) <= min_level triggers replenishment up to max_level, counting stock already on open purchase orders"", ""formula"": ""suggested = max(max_level(20) - (available(0) + onOrder(1)), 0) = 19"", ""features"": {""onHand"": 0, ""onOrder"": 1, ""maxLevel"": 20, ""minLevel"": 1, ""reserved"": 0, ""available"": 0, ""averageDailyUse"": 0, ""issuedLast90Days"": 0, ""inventoryPosition"": 1, ""estimatedCoverDays"": null, ""averageWeeklyConsumption"": 0}}",2026-09-20 14:53:03.967477+03,,,,,,{},t
77c1ef5b-62de-494f-a6fd-1b658a7aabbc,00000000-0000-0000-0000-000000000001,inventory_reorder,min-max-open-po-v2,RULE_BASELINE,part,6a56cb79-24bd-47bb-bc5c-1135db53d4bd,19,CRITICAL,"{""onHand"": 0, ""onOrder"": 1, ""maxLevel"": 20, ""minLevel"": 1, ""reserved"": 0, ""available"": 0, ""averageDailyUse"": 0, ""issuedLast90Days"": 0, ""inventoryPosition"": 1, ""estimatedCoverDays"": null, ""averageWeeklyConsumption"": 0}","{""rule"": ""available (on_hand - reserved) <= min_level triggers replenishment up to max_level, counting stock already on open purchase orders"", ""formula"": ""suggested = max(max_level(20) - (available(0) + onOrder(1)), 0) = 19"", ""features"": {""onHand"": 0, ""onOrder"": 1, ""maxLevel"": 20, ""minLevel"": 1, ""reserved"": 0, ""available"": 0, ""averageDailyUse"": 0, ""issuedLast90Days"": 0, ""inventoryPosition"": 1, ""estimatedCoverDays"": null, ""averageWeeklyConsumption"": 0}}",2026-09-20 14:53:03.96853+03,,,,,,{},t
c1f2ba18-89c9-42fe-9603-064b48c9eb22,00000000-0000-0000-0000-000000000001,inventory_reorder,min-max-open-po-v2,RULE_BASELINE,part,7895056a-3929-4cf1-a4f9-00170a803a5d,15,CRITICAL,"{""onHand"": 0, ""onOrder"": 5, ""maxLevel"": 20, ""minLevel"": 1, ""reserved"": 0, ""available"": 0, ""averageDailyUse"": 0, ""issuedLast90Days"": 0, ""inventoryPosition"": 5, ""estimatedCoverDays"": null, ""averageWeeklyConsumption"": 0}","{""rule"": ""available (on_hand - reserved) <= min_level triggers replenishment up to max_level, counting stock already on open purchase orders"", ""formula"": ""suggested = max(max_level(20) - (available(0) + onOrder(5)), 0) = 15"", ""features"": {""onHand"": 0, ""onOrder"": 5, ""maxLevel"": 20, ""minLevel"": 1, ""reserved"": 0, ""available"": 0, ""averageDailyUse"": 0, ""issuedLast90Days"": 0, ""inventoryPosition"": 5, ""estimatedCoverDays"": null, ""averageWeeklyConsumption"": 0}}",2026-09-20 14:53:03.969617+03,,,,,,{},t
62a07e86-f2be-4a4e-8948-69a63c367287,00000000-0000-0000-0000-000000000001,inventory_reorder,min-max-open-po-v2,RULE_BASELINE,part,272a1d8c-034c-49ef-8a99-81e23a3725cf,18,CRITICAL,"{""onHand"": 0, ""onOrder"": 2, ""maxLevel"": 20, ""minLevel"": 1, ""reserved"": 0, ""available"": 0, ""averageDailyUse"": 0, ""issuedLast90Days"": 0, ""inventoryPosition"": 2, ""estimatedCoverDays"": null, ""averageWeeklyConsumption"": 0}","{""rule"": ""available (on_hand - reserved) <= min_level triggers replenishment up to max_level, counting stock already on open purchase orders"", ""formula"": ""suggested = max(max_level(20) - (available(0) + onOrder(2)), 0) = 18"", ""features"": {""onHand"": 0, ""onOrder"": 2, ""maxLevel"": 20, ""minLevel"": 1, ""reserved"": 0, ""available"": 0, ""averageDailyUse"": 0, ""issuedLast90Days"": 0, ""inventoryPosition"": 2, ""estimatedCoverDays"": null, ""averageWeeklyConsumption"": 0}}",2026-09-20 14:53:03.970847+03,,,,,,{},t
11f500a8-522b-413e-92e8-919b5159c727,00000000-0000-0000-0000-000000000001,inventory_reorder,min-max-open-po-v2,RULE_BASELINE,part,806d89cd-cccf-42fb-b15f-18c50e89389d,20,CRITICAL,"{""onHand"": 0, ""onOrder"": 0, ""maxLevel"": 20, ""minLevel"": 1, ""reserved"": 0, ""available"": 0, ""averageDailyUse"": 0.11, ""issuedLast90Days"": 10, ""inventoryPosition"": 0, ""estimatedCoverDays"": 0, ""averageWeeklyConsumption"": 0.78}","{""rule"": ""available (on_hand - reserved) <= min_level triggers replenishment up to max_level, counting stock already on open purchase orders"", ""formula"": ""suggested = max(max_level(20) - (available(0) + onOrder(0)), 0) = 20"", ""features"": {""onHand"": 0, ""onOrder"": 0, ""maxLevel"": 20, ""minLevel"": 1, ""reserved"": 0, ""available"": 0, ""averageDailyUse"": 0.11, ""issuedLast90Days"": 10, ""inventoryPosition"": 0, ""estimatedCoverDays"": 0, ""averageWeeklyConsumption"": 0.78}}",2026-09-20 14:53:03.972744+03,,,,,,{},t
e25e6d10-0c45-4906-a87c-01307e6cbb5c,00000000-0000-0000-0000-000000000001,inventory_reorder,min-max-open-po-v2,RULE_BASELINE,part,7d3c4823-0024-4583-8ba4-1c357937285e,20,CRITICAL,"{""onHand"": 0, ""onOrder"": 0, ""maxLevel"": 20, ""minLevel"": 5, ""reserved"": 0, ""available"": 0, ""averageDailyUse"": 0, ""issuedLast90Days"": 0, ""inventoryPosition"": 0, ""estimatedCoverDays"": null, ""averageWeeklyConsumption"": 0}","{""rule"": ""available (on_hand - reserved) <= min_level triggers replenishment up to max_level, counting stock already on open purchase orders"", ""formula"": ""suggested = max(max_level(20) - (available(0) + onOrder(0)), 0) = 20"", ""features"": {""onHand"": 0, ""onOrder"": 0, ""maxLevel"": 20, ""minLevel"": 5, ""reserved"": 0, ""available"": 0, ""averageDailyUse"": 0, ""issuedLast90Days"": 0, ""inventoryPosition"": 0, ""estimatedCoverDays"": null, ""averageWeeklyConsumption"": 0}}",2026-09-20 14:53:03.973833+03,,,,,,{},t
28251aff-c329-4c60-b17d-376cadf2f811,00000000-0000-0000-0000-000000000001,inventory_reorder,min-max-open-po-v2,RULE_BASELINE,part,1fb547f0-933e-4171-a9aa-f845897a9000,19,NORMAL,"{""onHand"": 1, ""onOrder"": 0, ""maxLevel"": 20, ""minLevel"": 1, ""reserved"": 0, ""available"": 1, ""averageDailyUse"": 0.04, ""issuedLast90Days"": 4, ""inventoryPosition"": 1, ""estimatedCoverDays"": 22.5, ""averageWeeklyConsumption"": 0.31}","{""rule"": ""available (on_hand - reserved) <= min_level triggers replenishment up to max_level, counting stock already on open purchase orders"", ""formula"": ""suggested = max(max_level(20) - (available(1) + onOrder(0)), 0) = 19"", ""features"": {""onHand"": 1, ""onOrder"": 0, ""maxLevel"": 20, ""minLevel"": 1, ""reserved"": 0, ""available"": 1, ""averageDailyUse"": 0.04, ""issuedLast90Days"": 4, ""inventoryPosition"": 1, ""estimatedCoverDays"": 22.5, ""averageWeeklyConsumption"": 0.31}}",2026-09-20 14:53:03.974854+03,,,,,,{},t
e651e15e-27d9-4eb8-b9cf-de44ff373e80,00000000-0000-0000-0000-000000000001,inventory_reorder,min-max-open-po-v2,RULE_BASELINE,part,37be1328-01e6-4c2f-97cd-f68cee2802ad,20,CRITICAL,"{""onHand"": 0, ""onOrder"": 0, ""maxLevel"": 20, ""minLevel"": 5, ""reserved"": 0, ""available"": 0, ""averageDailyUse"": 0, ""issuedLast90Days"": 0, ""inventoryPosition"": 0, ""estimatedCoverDays"": null, ""averageWeeklyConsumption"": 0}","{""rule"": ""available (on_hand - reserved) <= min_level triggers replenishment up to max_level, counting stock already on open purchase orders"", ""formula"": ""suggested = max(max_level(20) - (available(0) + onOrder(0)), 0) = 20"", ""features"": {""onHand"": 0, ""onOrder"": 0, ""maxLevel"": 20, ""minLevel"": 5, ""reserved"": 0, ""available"": 0, ""averageDailyUse"": 0, ""issuedLast90Days"": 0, ""inventoryPosition"": 0, ""estimatedCoverDays"": null, ""averageWeeklyConsumption"": 0}}",2026-09-20 14:53:03.975984+03,,,,,,{},t
50c51eea-cc3e-4d68-b066-268028abf3b1,00000000-0000-0000-0000-000000000001,inventory_reorder,min-max-open-po-v2,RULE_BASELINE,part,7ae309b6-a92f-45af-a51b-e039aae23d24,20,CRITICAL,"{""onHand"": 0, ""onOrder"": 0, ""maxLevel"": 20, ""minLevel"": 1, ""reserved"": 0, ""available"": 0, ""averageDailyUse"": 0.13, ""issuedLast90Days"": 12, ""inventoryPosition"": 0, ""estimatedCoverDays"": 0, ""averageWeeklyConsumption"": 0.93}","{""rule"": ""available (on_hand - reserved) <= min_level triggers replenishment up to max_level, counting stock already on open purchase orders"", ""formula"": ""suggested = max(max_level(20) - (available(0) + onOrder(0)), 0) = 20"", ""features"": {""onHand"": 0, ""onOrder"": 0, ""maxLevel"": 20, ""minLevel"": 1, ""reserved"": 0, ""available"": 0, ""averageDailyUse"": 0.13, ""issuedLast90Days"": 12, ""inventoryPosition"": 0, ""estimatedCoverDays"": 0, ""averageWeeklyConsumption"": 0.93}}",2026-09-20 14:53:03.97703+03,,,,,,{},t
d8b77bc5-b9fa-4368-81ff-58757ba1042f,00000000-0000-0000-0000-000000000001,inventory_reorder,min-max-open-po-v2,RULE_BASELINE,part,0ac6acfe-b656-4459-b6e6-480edfd46326,20,CRITICAL,"{""onHand"": 0, ""onOrder"": 0, ""maxLevel"": 20, ""minLevel"": 1, ""reserved"": 0, ""available"": 0, ""averageDailyUse"": 0.08, ""issuedLast90Days"": 7, ""inventoryPosition"": 0, ""estimatedCoverDays"": 0, ""averageWeeklyConsumption"": 0.54}","{""rule"": ""available (on_hand - reserved) <= min_level triggers replenishment up to max_level, counting stock already on open purchase orders"", ""formula"": ""suggested = max(max_level(20) - (available(0) + onOrder(0)), 0) = 20"", ""features"": {""onHand"": 0, ""onOrder"": 0, ""maxLevel"": 20, ""minLevel"": 1, ""reserved"": 0, ""available"": 0, ""averageDailyUse"": 0.08, ""issuedLast90Days"": 7, ""inventoryPosition"": 0, ""estimatedCoverDays"": 0, ""averageWeeklyConsumption"": 0.54}}",2026-09-20 14:53:03.978153+03,,,,,,{},t
48f51061-a2ce-427d-bba8-42cf27aea4cd,00000000-0000-0000-0000-000000000001,inventory_reorder,min-max-open-po-v2,RULE_BASELINE,part,881f1f38-504f-4b20-a826-822c9f858ae3,19,NORMAL,"{""onHand"": 1, ""onOrder"": 0, ""maxLevel"": 20, ""minLevel"": 1, ""reserved"": 0, ""available"": 1, ""averageDailyUse"": 0, ""issuedLast90Days"": 0, ""inventoryPosition"": 1, ""estimatedCoverDays"": null, ""averageWeeklyConsumption"": 0}","{""rule"": ""available (on_hand - reserved) <= min_level triggers replenishment up to max_level, counting stock already on open purchase orders"", ""formula"": ""suggested = max(max_level(20) - (available(1) + onOrder(0)), 0) = 19"", ""features"": {""onHand"": 1, ""onOrder"": 0, ""maxLevel"": 20, ""minLevel"": 1, ""reserved"": 0, ""available"": 1, ""averageDailyUse"": 0, ""issuedLast90Days"": 0, ""inventoryPosition"": 1, ""estimatedCoverDays"": null, ""averageWeeklyConsumption"": 0}}",2026-09-20 14:53:03.97933+03,,,,,,{},t
5b663f36-5aac-4bd6-af90-cd4d7d2b5e2e,00000000-0000-0000-0000-000000000001,inventory_reorder,min-max-open-po-v2,RULE_BASELINE,part,991ffbbc-24d2-4adf-b70b-7dfb3c9416f7,19,CRITICAL,"{""onHand"": 0, ""onOrder"": 1, ""maxLevel"": 20, ""minLevel"": 1, ""reserved"": 0, ""available"": 0, ""averageDailyUse"": 0, ""issuedLast90Days"": 0, ""inventoryPosition"": 1, ""estimatedCoverDays"": null, ""averageWeeklyConsumption"": 0}","{""rule"": ""available (on_hand - reserved) <= min_level triggers replenishment up to max_level, counting stock already on open purchase orders"", ""formula"": ""suggested = max(max_level(20) - (available(0) + onOrder(1)), 0) = 19"", ""features"": {""onHand"": 0, ""onOrder"": 1, ""maxLevel"": 20, ""minLevel"": 1, ""reserved"": 0, ""available"": 0, ""averageDailyUse"": 0, ""issuedLast90Days"": 0, ""inventoryPosition"": 1, ""estimatedCoverDays"": null, ""averageWeeklyConsumption"": 0}}",2026-09-20 14:53:03.980457+03,,,,,,{},t
a83d3ac3-3ef4-44e9-b052-e22c95c871ab,00000000-0000-0000-0000-000000000001,inventory_reorder,min-max-open-po-v2,RULE_BASELINE,part,bce36512-02ea-479a-9963-c1a79004fa2b,19,NORMAL,"{""onHand"": 1, ""onOrder"": 0, ""maxLevel"": 20, ""minLevel"": 1, ""reserved"": 0, ""available"": 1, ""averageDailyUse"": 0, ""issuedLast90Days"": 0, ""inventoryPosition"": 1, ""estimatedCoverDays"": null, ""averageWeeklyConsumption"": 0}","{""rule"": ""available (on_hand - reserved) <= min_level triggers replenishment up to max_level, counting stock already on open purchase orders"", ""formula"": ""suggested = max(max_level(20) - (available(1) + onOrder(0)), 0) = 19"", ""features"": {""onHand"": 1, ""onOrder"": 0, ""maxLevel"": 20, ""minLevel"": 1, ""reserved"": 0, ""available"": 1, ""averageDailyUse"": 0, ""issuedLast90Days"": 0, ""inventoryPosition"": 1, ""estimatedCoverDays"": null, ""averageWeeklyConsumption"": 0}}",2026-09-20 14:53:03.981494+03,,,,,,{},t
f1f95439-2ddd-4aa0-ae6e-b6534a4d584e,00000000-0000-0000-0000-000000000001,inventory_reorder,min-max-open-po-v2,RULE_BASELINE,part,00d77881-740a-4ce2-a341-c347b00817e6,38,NORMAL,"{""onHand"": 2, ""onOrder"": 0, ""maxLevel"": 40, ""minLevel"": 5, ""reserved"": 0, ""available"": 2, ""averageDailyUse"": 0, ""issuedLast90Days"": 0, ""inventoryPosition"": 2, ""estimatedCoverDays"": null, ""averageWeeklyConsumption"": 0}","{""rule"": ""available (on_hand - reserved) <= min_level triggers replenishment up to max_level, counting stock already on open purchase orders"", ""formula"": ""suggested = max(max_level(40) - (available(2) + onOrder(0)), 0) = 38"", ""features"": {""onHand"": 2, ""onOrder"": 0, ""maxLevel"": 40, ""minLevel"": 5, ""reserved"": 0, ""available"": 2, ""averageDailyUse"": 0, ""issuedLast90Days"": 0, ""inventoryPosition"": 2, ""estimatedCoverDays"": null, ""averageWeeklyConsumption"": 0}}",2026-09-20 14:53:03.982773+03,,,,,,{},t
137ba3b2-0093-4de4-982d-f82861eff0b2,00000000-0000-0000-0000-000000000001,inventory_reorder,min-max-open-po-v2,RULE_BASELINE,part,4d4c8522-92ae-4cc8-8d60-a74d3914cb3e,8,NORMAL,"{""onHand"": 2, ""onOrder"": 30, ""maxLevel"": 40, ""minLevel"": 5, ""reserved"": 0, ""available"": 2, ""averageDailyUse"": 0, ""issuedLast90Days"": 0, ""inventoryPosition"": 32, ""estimatedCoverDays"": null, ""averageWeeklyConsumption"": 0}","{""rule"": ""available (on_hand - reserved) <= min_level triggers replenishment up to max_level, counting stock already on open purchase orders"", ""formula"": ""suggested = max(max_level(40) - (available(2) + onOrder(30)), 0) = 8"", ""features"": {""onHand"": 2, ""onOrder"": 30, ""maxLevel"": 40, ""minLevel"": 5, ""reserved"": 0, ""available"": 2, ""averageDailyUse"": 0, ""issuedLast90Days"": 0, ""inventoryPosition"": 32, ""estimatedCoverDays"": null, ""averageWeeklyConsumption"": 0}}",2026-09-20 14:53:03.983762+03,,,,,,{},t
e5da7537-48ab-4128-a053-7eecdb7c4054,00000000-0000-0000-0000-000000000001,inventory_reorder,min-max-open-po-v2,RULE_BASELINE,part,f16c5b9f-6f80-443f-a4da-5d0404227c09,38,NORMAL,"{""onHand"": 2, ""onOrder"": 0, ""maxLevel"": 40, ""minLevel"": 5, ""reserved"": 0, ""available"": 2, ""averageDailyUse"": 0, ""issuedLast90Days"": 0, ""inventoryPosition"": 2, ""estimatedCoverDays"": null, ""averageWeeklyConsumption"": 0}","{""rule"": ""available (on_hand - reserved) <= min_level triggers replenishment up to max_level, counting stock already on open purchase orders"", ""formula"": ""suggested = max(max_level(40) - (available(2) + onOrder(0)), 0) = 38"", ""features"": {""onHand"": 2, ""onOrder"": 0, ""maxLevel"": 40, ""minLevel"": 5, ""reserved"": 0, ""available"": 2, ""averageDailyUse"": 0, ""issuedLast90Days"": 0, ""inventoryPosition"": 2, ""estimatedCoverDays"": null, ""averageWeeklyConsumption"": 0}}",2026-09-20 14:53:03.984925+03,,,,,,{},t
9d95f70a-7dfb-45b0-8019-9afad39ed0f1,00000000-0000-0000-0000-000000000001,inventory_reorder,min-max-open-po-v2,RULE_BASELINE,part,86d2f543-c417-4fb2-a793-4cd108dad44f,38,NORMAL,"{""onHand"": 2, ""onOrder"": 0, ""maxLevel"": 40, ""minLevel"": 5, ""reserved"": 0, ""available"": 2, ""averageDailyUse"": 0, ""issuedLast90Days"": 0, ""inventoryPosition"": 2, ""estimatedCoverDays"": null, ""averageWeeklyConsumption"": 0}","{""rule"": ""available (on_hand - reserved) <= min_level triggers replenishment up to max_level, counting stock already on open purchase orders"", ""formula"": ""suggested = max(max_level(40) - (available(2) + onOrder(0)), 0) = 38"", ""features"": {""onHand"": 2, ""onOrder"": 0, ""maxLevel"": 40, ""minLevel"": 5, ""reserved"": 0, ""available"": 2, ""averageDailyUse"": 0, ""issuedLast90Days"": 0, ""inventoryPosition"": 2, ""estimatedCoverDays"": null, ""averageWeeklyConsumption"": 0}}",2026-09-20 14:53:03.985991+03,,,,,,{},t
11e2601c-0888-43c6-b312-ef467c0d5417,00000000-0000-0000-0000-000000000001,inventory_reorder,min-max-open-po-v2,RULE_BASELINE,part,63b93eca-e825-4a25-a5be-e106724098f5,10,CRITICAL,"{""onHand"": 0, ""onOrder"": 10, ""maxLevel"": 20, ""minLevel"": 1, ""reserved"": 0, ""available"": 0, ""averageDailyUse"": 0, ""issuedLast90Days"": 0, ""inventoryPosition"": 10, ""estimatedCoverDays"": null, ""averageWeeklyConsumption"": 0}","{""rule"": ""available (on_hand - reserved) <= min_level triggers replenishment up to max_level, counting stock already on open purchase orders"", ""formula"": ""suggested = max(max_level(20) - (available(0) + onOrder(10)), 0) = 10"", ""features"": {""onHand"": 0, ""onOrder"": 10, ""maxLevel"": 20, ""minLevel"": 1, ""reserved"": 0, ""available"": 0, ""averageDailyUse"": 0, ""issuedLast90Days"": 0, ""inventoryPosition"": 10, ""estimatedCoverDays"": null, ""averageWeeklyConsumption"": 0}}",2026-09-20 14:53:03.986998+03,,,,,,{},t
b2c490ce-0374-4d3a-bd61-ea63dddcc161,00000000-0000-0000-0000-000000000001,inventory_reorder,min-max-open-po-v2,RULE_BASELINE,part,9ee5d68f-f7bf-4c7b-b17c-869134ebf393,10,CRITICAL,"{""onHand"": 0, ""onOrder"": 10, ""maxLevel"": 20, ""minLevel"": 1, ""reserved"": 0, ""available"": 0, ""averageDailyUse"": 0, ""issuedLast90Days"": 0, ""inventoryPosition"": 10, ""estimatedCoverDays"": null, ""averageWeeklyConsumption"": 0}","{""rule"": ""available (on_hand - reserved) <= min_level triggers replenishment up to max_level, counting stock already on open purchase orders"", ""formula"": ""suggested = max(max_level(20) - (available(0) + onOrder(10)), 0) = 10"", ""features"": {""onHand"": 0, ""onOrder"": 10, ""maxLevel"": 20, ""minLevel"": 1, ""reserved"": 0, ""available"": 0, ""averageDailyUse"": 0, ""issuedLast90Days"": 0, ""inventoryPosition"": 10, ""estimatedCoverDays"": null, ""averageWeeklyConsumption"": 0}}",2026-09-20 14:53:03.98934+03,,,,,,{},t
9fb7e3c2-a1fb-4667-9e8a-34f7aa8822c1,00000000-0000-0000-0000-000000000001,inventory_reorder,min-max-open-po-v2,RULE_BASELINE,part,443b180c-0b8b-4064-b8d6-80fbbc58bf7f,20,CRITICAL,"{""onHand"": 0, ""onOrder"": 0, ""maxLevel"": 20, ""minLevel"": 1, ""reserved"": 0, ""available"": 0, ""averageDailyUse"": 0.11, ""issuedLast90Days"": 10, ""inventoryPosition"": 0, ""estimatedCoverDays"": 0, ""averageWeeklyConsumption"": 0.78}","{""rule"": ""available (on_hand - reserved) <= min_level triggers replenishment up to max_level, counting stock already on open purchase orders"", ""formula"": ""suggested = max(max_level(20) - (available(0) + onOrder(0)), 0) = 20"", ""features"": {""onHand"": 0, ""onOrder"": 0, ""maxLevel"": 20, ""minLevel"": 1, ""reserved"": 0, ""available"": 0, ""averageDailyUse"": 0.11, ""issuedLast90Days"": 10, ""inventoryPosition"": 0, ""estimatedCoverDays"": 0, ""averageWeeklyConsumption"": 0.78}}",2026-09-20 14:53:03.990665+03,,,,,,{},t
c5362722-c44e-427b-ab98-ce67aa7251ee,00000000-0000-0000-0000-000000000001,inventory_reorder,min-max-open-po-v2,RULE_BASELINE,part,e790a45a-c28b-473c-a030-402961033b44,20,CRITICAL,"{""onHand"": 0, ""onOrder"": 0, ""maxLevel"": 20, ""minLevel"": 5, ""reserved"": 0, ""available"": 0, ""averageDailyUse"": 0, ""issuedLast90Days"": 0, ""inventoryPosition"": 0, ""estimatedCoverDays"": null, ""averageWeeklyConsumption"": 0}","{""rule"": ""available (on_hand - reserved) <= min_level triggers replenishment up to max_level, counting stock already on open purchase orders"", ""formula"": ""suggested = max(max_level(20) - (available(0) + onOrder(0)), 0) = 20"", ""features"": {""onHand"": 0, ""onOrder"": 0, ""maxLevel"": 20, ""minLevel"": 5, ""reserved"": 0, ""available"": 0, ""averageDailyUse"": 0, ""issuedLast90Days"": 0, ""inventoryPosition"": 0, ""estimatedCoverDays"": null, ""averageWeeklyConsumption"": 0}}",2026-09-20 14:53:03.991704+03,,,,,,{},t
